residue,chain,residue_name,residue_number,centroid_x,centroid_y,centroid_z,axial_t,radius_fitted,angle_fitted_rad
CYP1,,CYP,1,-1.099000,-10.260167,47.038500,20.467156,14.364383,-2.915131
GLU2,,GLU,2,-5.620222,-12.589000,45.335000,18.863727,15.977917,3.046051
CYP3,,CYP,3,-6.101833,-8.314000,43.656833,18.208758,11.559322,2.959872
GLU4,,GLU,4,-11.180333,-8.081333,41.933444,17.200798,13.026910,2.544200
CYP5,,CYP,5,-9.458167,-4.140000,40.254167,16.207439,8.699433,2.425081
GLU6,,GLU,6,-13.738222,-1.401111,38.525444,15.633609,10.688700,1.905725
CYP7,,CYP,7,-10.275333,1.150500,36.846167,14.133110,6.820835,1.667719
GLU8,,GLU,8,-12.611556,5.661000,35.113333,13.699333,10.074905,1.149753
CYP9,,CYP,9,-8.335333,6.138167,33.436500,11.659649,7.128938,0.804296
GLU10,,GLU,10,-8.101667,11.212111,31.699333,11.031914,11.415440,0.451060
CYP11,,CYP,11,-4.160000,9.485000,30.026000,8.564868,9.042153,0.144884
GLU12,,GLU,12,-1.419556,13.760778,28.288111,7.463268,13.561603,-0.097577
CYP13,,CYP,13,1.132333,10.293500,26.619833,4.796932,11.061479,-0.328404
GLU14,,GLU,14,5.644000,12.625222,24.882667,3.066729,15.317180,-0.542063
CYP15,,CYP,15,6.121833,8.344500,23.217333,0.479722,12.312281,-0.714662
GLU16,,GLU,16,11.196889,8.106556,21.483889,-1.864106,15.982547,-0.938900
CYP17,,CYP,17,9.471167,4.160000,19.821000,-4.111351,12.402269,-1.070926
GLU18,,GLU,18,13.747667,1.415333,18.092000,-6.890264,15.293537,-1.330714
CYP19,,CYP,19,10.281500,-1.141333,16.428500,-8.630958,11.251715,-1.437264
GLU20,,GLU,20,12.613889,-5.657778,14.704889,-11.548687,13.389745,-1.761756
CYP21,,CYP,21,8.334167,-6.140000,13.038167,-12.750924,9.085059,-1.867183
GLU22,,GLU,22,8.097556,-11.219556,11.318222,-15.475378,10.880814,-2.299250
CYP23,,CYP,23,4.151500,-9.498167,9.648500,-16.249803,6.593492,-2.480161
GLU24,,GLU,24,1.408000,-13.778889,7.929556,-18.499966,9.069942,-3.029701
CYP25,,CYP,25,-1.148333,-10.316667,6.255167,-19.074575,5.518615,2.841322
GLU26,,GLU,26,-5.663444,-12.654889,4.535111,-20.696798,9.607179,2.415614
CYP27,,CYP,27,-6.144500,-8.379000,2.857333,-21.351267,7.429917,1.935188
GLU28,,GLU,28,-11.223333,-8.146889,1.133333,-22.359897,12.352251,1.737531
CYP29,,CYP,29,-9.501000,-4.205333,-0.546000,-23.353283,10.785359,1.369098
GLU30,,GLU,30,-13.512800,-1.315900,-2.374900,-24.024427,15.642535,1.219958
MEP31,,MEP,31,-9.635500,4.004167,0.583167,-20.487755,14.349049,0.806062
GLU32,,GLU,32,-13.745111,1.669333,2.302667,-18.823871,16.040650,1.099425
MEP33,,MEP,33,-10.356667,-1.343333,3.975333,-18.255281,11.519001,1.217818
GLU34,,GLU,34,-12.754444,-5.414333,5.712778,-17.151703,13.095238,1.598868
MEP35,,MEP,35,-8.312667,-6.330333,7.381167,-16.266262,8.661030,1.759102
GLU36,,GLU,36,-8.351556,-11.056111,9.117222,-15.588699,10.739828,2.233777
MEP37,,MEP,37,-4.046333,-9.628333,10.782167,-14.189163,6.836275,2.524195
GLU38,,GLU,38,-1.715444,-13.740111,12.514556,-13.669952,10.081866,2.987597
MEP39,,MEP,39,1.301333,-10.351667,14.177667,-11.697611,7.222512,-2.899373
GLU40,,GLU,40,5.377000,-12.748111,15.905556,-11.026727,11.384072,-2.594751
MEP41,,MEP,41,6.297167,-8.305667,17.569167,-8.575562,9.167207,-2.247940
GLU42,,GLU,42,11.027667,-8.343222,19.292444,-7.484005,13.522873,-2.043060
MEP43,,MEP,43,9.603833,-4.037333,20.959167,-4.776090,11.177960,-1.778548
GLU44,,GLU,44,13.720667,-1.705333,22.679111,-3.107233,15.292865,-1.596863
MEP45,,MEP,45,10.336833,1.312667,24.349500,-0.434461,12.398654,-1.393317
GLU46,,GLU,46,12.737778,5.389222,26.068667,1.813625,15.985116,-1.199501
MEP47,,MEP,47,8.300333,6.310667,27.743833,4.170088,12.447258,-1.036470
GLU48,,GLU,48,8.342333,11.041778,29.464222,6.843987,15.325750,-0.808056
MEP49,,MEP,49,4.039667,9.619333,31.143333,8.687030,11.255377,-0.667734
GLU50,,GLU,50,1.713222,13.736222,32.867000,11.518696,13.439985,-0.378797
MEP51,,MEP,51,-1.300500,10.353333,34.547667,12.788653,9.065697,-0.232478
GLU52,,GLU,52,-5.372444,12.755333,36.276111,15.469097,10.926405,0.155052
MEP53,,MEP,53,-6.288667,8.317833,37.956000,16.259722,6.598018,0.390939
GLU54,,GLU,54,-11.015444,8.361556,39.688889,18.519462,9.072224,0.881513
MEP55,,MEP,55,-9.588833,4.060500,41.366500,19.054262,5.630120,1.354480
GLU56,,GLU,56,-13.701667,1.734111,43.102556,20.736389,9.546311,1.721922
MEP57,,MEP,57,-10.313500,-1.277833,44.776000,21.305921,7.610522,2.242943
GLU58,,GLU,58,-12.711333,-5.349222,46.513000,22.408992,12.265591,2.405344
MEP59,,MEP,59,-8.269667,-6.265000,48.181000,23.294116,10.968840,2.801927
GLU60,,GLU,60,-8.040600,-10.838300,50.017200,24.069009,15.563848,2.925999
