d_A,q_Ainv,intensity_difference_norm
3,2.09439510239,0.00174844135829
3.00312695435,2.09221434948,0.00160007852848
3.00625390869,2.09003813318,0.00145171569868
3.00938086304,2.08786643936,0.00124588186584
3.01250781739,2.08569925393,0.000868747376028
3.01563477173,2.08353656287,0.000491612886217
3.01876172608,2.08137835222,0.000114478396407
3.02188868043,2.07922460807,0.000675320718989
3.02501563477,2.07707531656,0.00148209353305
3.02814258912,2.0749304639,0.00228886634712
3.03126954346,2.07279003635,0.00279847494058
3.03439649781,2.07065402023,0.00263553438236
3.03752345216,2.06852240193,0.00247259382414
3.0406504065,2.06639516787,0.00230965326593
3.04377736085,2.06427230454,0.00224890485048
3.0469043152,2.06215379848,0.00221476261759
3.05003126954,2.06003963629,0.0021806203847
3.05315822389,2.05792980463,0.0019638417323
3.05628517824,2.05582429019,0.00120754864238
3.05941213258,2.05372307976,0.00045125555246
3.06253908693,2.05162616013,-0.000305037537459
3.06566604128,2.04953351819,8.65290107983e-05
3.06879299562,2.04744514086,0.00100701065111
3.07191994997,2.0453610151,0.00192749229142
3.07504690432,2.04328112796,0.00273883137875
3.07817385866,2.04120546651,0.00242016817351
3.08130081301,2.0391340179,0.00210150496826
3.08442776735,2.0370667693,0.00178284176302
3.0875547217,2.03500370796,0.00186005071135
3.09068167605,2.03294482116,0.00239617437339
3.09380863039,2.03089009626,0.00293229803544
3.09693558474,2.02883952063,0.00346842169748
3.10006253909,2.02679308174,0.00306072584723
3.10318949343,2.02475076707,0.00243072818141
3.10631644778,2.02271256416,0.0018007305156
3.10944340213,2.02067846062,0.00127679438864
3.11257035647,2.01864844408,0.00148542977685
3.11569731082,2.01662250224,0.00169406516506
3.11882426517,2.01460062286,0.00190270055328
3.12195121951,2.01258279371,0.00194634335285
3.12507817386,2.01056900264,0.0017565328776
3.12820512821,2.00855923754,0.00156672240236
3.13133208255,2.00655348636,0.00137691192712
3.1344590369,2.00455173707,0.00157332724357
3.13758599124,2.00255397771,0.0019583594302
3.14071294559,2.00056019637,0.00234339161683
3.14383989994,1.99857038118,0.00272842380346
3.14696685428,1.99658452031,0.00241010389748
3.15009380863,1.99460260198,0.0020131885545
3.15322076298,1.99262461447,0.00161627321152
3.15634771732,1.9906505461,0.00127579314844
3.15947467167,1.98868038523,0.00146338838509
3.16260162602,1.98671412027,0.00165098362174
3.16572858036,1.98475173966,0.0018385788584
3.16885553471,1.98279323193,0.00184402106888
3.17198248906,1.9808385856,0.00133824761707
3.1751094434,1.97888778928,0.000832474165254
3.17823639775,1.9769408316,0.000326700713439
3.1813633521,1.97499770123,0.000199096151986
3.18449030644,1.97305838692,0.000644487973319
3.18761726079,1.97112287741,0.00108987979465
3.19074421513,1.96919116154,0.00153527161598
3.19387116948,1.96726322815,0.00163178209437
3.19699812383,1.96533906615,0.00138053603802
3.20012507817,1.96341866449,0.00112928998166
3.20325203252,1.96150201214,0.000878043925309
3.20637898687,1.95958909814,0.000134342309843
3.20950594121,1.95767991157,-0.000977851970996
3.21263289556,1.95577444154,-0.00209004625183
3.21575984991,1.9538726772,-0.00320224053267
3.21888680425,1.95197460777,-0.00422629126213
3.2220137586,1.95008022247,-0.00519416542373
3.22514071295,1.9481895106,-0.00616203958534
3.22826766729,1.94630246148,-0.00712991374694
3.23139462164,1.94441906448,-0.00695242813478
3.23452157598,1.94253930901,-0.00606302259554
3.23764853033,1.9406631845,-0.0051736170563
3.24077548468,1.93879068047,-0.00428421151706
3.24390243902,1.93692178642,-0.00370763907616
3.24702939337,1.93505649195,-0.00334899897146
3.25015634772,1.93319478664,-0.00299035886677
3.25328330206,1.93133666017,-0.00263171876207
3.25641025641,1.9294821022,-0.00237176750295
3.25953721076,1.92763110249,-0.00219986776032
3.2626641651,1.92578365079,-0.0020279680177
3.26579111945,1.92393973692,-0.00185606827507
3.2689180738,1.92209935071,-0.00294021098681
3.27204502814,1.92026248207,-0.00566564303344
3.27517198249,1.91842912091,-0.00839107508007
3.27829893684,1.91659925719,-0.0111165071267
3.28142589118,1.91477288092,-0.014805858156
3.28455284553,1.91294998214,-0.0207011976783
3.28767979987,1.91113055092,-0.0265965372006
3.29080675422,1.90931457738,-0.0324918767229
3.29393370857,1.90750205168,-0.0362902613935
3.29706066291,1.90569296399,-0.0271810770292
3.30018761726,1.90388730456,-0.0180718926649
3.30331457161,1.90208506365,-0.00896270830065
3.30644152595,1.90028623155,0.000146476063639
3.3095684803,1.8984907986,0.000291599633666
3.31269543465,1.89669875518,-0.000134508873975
3.31582238899,1.8949100917,-0.000560617381615
3.31894934334,1.8931247986,-0.000986725889255
3.32207629769,1.89134286637,-0.00245843247788
3.32520325203,1.88956428553,-0.00436838446153
3.32833020638,1.88778904663,-0.00627833644519
3.33145716073,1.88601714026,-0.00818828842884
3.33458411507,1.88424855705,-0.0111892709203
3.33771106942,1.88248328765,-0.0156189736278
3.34083802376,1.88072132276,-0.0200486763354
3.34396497811,1.87896265311,-0.024478379043
3.34709193246,1.87720726947,-0.0282705809541
3.3502188868,1.87545516262,-0.0275856848763
3.35334584115,1.87370632342,-0.0269007887985
3.3564727955,1.87196074272,-0.0262158927206
3.35959974984,1.87021841143,-0.0255309966428
3.36272670419,1.86847932047,-0.020877622922
3.36585365854,1.86674346083,-0.0150993527828
3.36898061288,1.8650108235,-0.00932108264363
3.37210756723,1.86328139951,-0.00354281250445
3.37523452158,1.86155517995,-0.00022726371473
3.37836147592,1.8598321559,-0.000667625624623
3.38148843027,1.85811231851,-0.00110798753452
3.38461538462,1.85639565894,-0.00154834944441
3.38774233896,1.85468216839,-0.0019887113543
3.39086929331,1.8529718381,-0.00396783815853
3.39399624765,1.85126465933,-0.00598675219952
3.397123202,1.84956062338,-0.00800566624051
3.40025015635,1.84785972157,-0.0100245802815
3.40337711069,1.84616194527,-0.0135747922756
3.40650406504,1.84446728588,-0.0185672658355
3.40963101939,1.84277573481,-0.0235597393953
3.41275797373,1.84108728352,-0.0285522129552
3.41588492808,1.8394019235,-0.033345133009
3.41901188243,1.83771964627,-0.0259068389124
3.42213883677,1.83604044338,-0.0184685448158
3.42526579112,1.8343643064,-0.0110302507192
3.42839274547,1.83269122696,-0.00359195662256
3.43151969981,1.83102119668,0.000324511377264
3.43464665416,1.82935420724,0.000387770795059
3.43777360851,1.82769025035,0.000451030212854
3.44090056285,1.82602931774,0.000514289630649
3.4440275172,1.82437140116,0.000577549048444
3.44715447154,1.82271649241,-0.000178165326229
3.45028142589,1.82106458332,-0.00102599406653
3.45340838024,1.81941566573,-0.00187382280682
3.45653533458,1.81776973153,-0.00272165154712
3.45966228893,1.81612677263,-0.00359969820069
3.46278924328,1.81448678096,-0.00455559598811
3.46591619762,1.8128497485,-0.00551149377553
3.46904315197,1.81121566724,-0.00646739156294
3.47217010632,1.80958452921,-0.00742328935036
3.47529706066,1.80795632647,-0.00875134427794
3.47842401501,1.80633105109,-0.0103083092898
3.48155096936,1.8047086952,-0.0118652743016
3.4846779237,1.80308925093,-0.0134222393135
3.48780487805,1.80147271045,-0.0149792043253
3.4909318324,1.79985906596,-0.0120868628151
3.49405878674,1.79824830968,-0.00879172079011
3.49718574109,1.79664043387,-0.00549657876511
3.50031269543,1.7950354308,-0.00220143674011
3.50343964978,1.79343329278,0.000510013876453
3.50656660413,1.79183401216,0.000422125401933
3.50969355847,1.79023758129,0.000334236927414
3.51282051282,1.78864399255,0.000246348452894
3.51594746717,1.78705323838,0.000158459978375
3.51907442151,1.78546531121,6.89209197225e-05
3.52220137586,1.78388020351,-2.32520080368e-05
3.52532833021,1.78229790778,-0.000115424935796
3.52845528455,1.78071841655,-0.000207597863555
3.5315822389,1.77914172236,-0.000299770791315
3.53470919325,1.7775678178,-0.000473963932359
3.53783614759,1.77599669545,-0.000714039559054
3.54096310194,1.77442834797,-0.000954115185749
3.54409005629,1.77286276799,-0.00119419081244
3.54721701063,1.7712999482,-0.00143426643914
3.55034396498,1.76973988131,-0.00141405837943
3.55347091932,1.76818256005,-0.00127128987924
3.55659787367,1.76662797717,-0.00112852137904
3.55972482802,1.76507612547,-0.000985752878851
3.56285178236,1.76352699775,-0.000842984378657
3.56597873671,1.76198058684,-0.000636829366703
3.56910569106,1.76043688561,-0.000410722916492
3.5722326454,1.75889588694,-0.000184616466282
3.57535959975,1.75735758373,4.14899839291e-05
3.5784865541,1.75582196892,0.00026759643414
3.58161350844,1.75428903548,0.000324657852215
3.58474046279,1.75275877637,0.000338431689215
3.58786741714,1.75123118462,0.000352205526216
3.59099437148,1.74970625325,0.000365979363217
3.59412132583,1.74818397532,0.000379753200218
3.59724828018,1.74666434391,0.000482206147922
3.60037523452,1.74514735212,0.000608822715277
3.60350218887,1.74363299309,0.000735439282631
3.60662914321,1.74212125996,0.000862055849986
3.60975609756,1.74061214591,0.00098867241734
3.61288305191,1.73910564414,0.000888305319346
3.61601000625,1.73760174787,0.000703628812246
3.6191369606,1.73610045035,0.000518952305145
3.62226391495,1.73460174485,0.000334275798044
3.62539086929,1.73310562466,0.000149599290944
3.62851782364,1.73161208311,0.000135409831882
3.63164477799,1.73012111351,0.00022334125271
3.63477173233,1.72863270925,0.000311272673537
3.63789868668,1.72714686371,0.000399204094364
3.64102564103,1.72566357028,0.000487135515191
3.64415259537,1.72418282241,0.000540738851634
3.64727954972,1.72270461354,0.000556233140566
3.65040650407,1.72122893716,0.000571727429498
3.65353345841,1.71975578675,0.00058722171843
3.65666041276,1.71828515584,0.000602716007361
3.6597873671,1.71681703797,0.000602867774788
3.66291432145,1.7153514267,0.000562373352945
3.6660412758,1.71388831562,0.000521878931101
3.66916823014,1.71242769834,0.000481384509258
3.67229518449,1.71096956849,0.000440890087414
3.67542213884,1.70951391972,0.000398125792226
3.67854909318,1.7080607457,0.000267198264634
3.68167604753,1.70661004012,0.000136270737043
3.68480300188,1.7051617967,5.3432094518e-06
3.68792995622,1.70371600919,-0.00012558431814
3.69105691057,1.70227267133,-0.000256511845731
3.69418386492,1.70083177691,-0.00011101967495
3.69731081926,1.69939331972,0.000138571491492
3.70043777361,1.69795729359,0.000388162657935
3.70356472795,1.69652369236,0.000637753824378
3.7066916823,1.6950925099,0.00088734499082
3.70981863665,1.69366374008,0.00100711829906
3.71294559099,1.69223737682,0.000912652806168
3.71607254534,1.69081341403,0.000818187313275
3.71919949969,1.68939184567,0.000723721820382
3.72232645403,1.68797266569,0.000629256327489
3.72545340838,1.68655586808,0.000534790834597
3.72858036273,1.68514144686,0.000580553385199
3.73170731707,1.68372939604,0.000629610153926
3.73483427142,1.68231970968,0.000678666922652
3.73796122577,1.68091238183,0.000727723691379
3.74108818011,1.67950740658,0.000776780460105
3.74421513446,1.67810477805,0.00067324782576
3.74734208881,1.67670449035,0.000431601924629
3.75046904315,1.67530653763,0.000189956023498
3.7535959975,1.67391091406,-5.16898776337e-05
3.75672295184,1.67251761381,-0.000293335778765
3.75984990619,1.6711266311,-0.000522112411804
3.76297686054,1.66973796014,-0.000124418215716
3.76610381488,1.66835159518,0.000273275980373
3.76923076923,1.66696753048,0.000670970176461
3.77235772358,1.66558576031,0.00106866437255
3.77548467792,1.66420627898,0.00146635856864
3.77861163227,1.6628290808,0.00171731852512
3.78173858662,1.66145416011,0.00179739560249
3.78486554096,1.66008151127,0.00187747267986
3.78799249531,1.65871112864,0.00195754975724
3.79111944966,1.65734300663,0.00203762683461
3.794246404,1.65597713964,0.00211770391198
3.79737335835,1.6546135221,0.00199665212032
3.8005003127,1.65325214846,0.00184002263431
3.80362726704,1.65189301318,0.00168339314829
3.80675422139,1.65053611076,0.00152676366228
3.80988117573,1.64918143568,0.00137013417626
3.81300813008,1.64782898248,0.00122708975234
3.81613508443,1.64647874569,0.00114490597679
3.81926203877,1.64513071986,0.00106272220125
3.82238899312,1.64378489957,0.000980538425701
3.82551594747,1.64244127941,0.000898354650156
3.82864290181,1.641099854,0.000816170874611
3.83176985616,1.63976061795,0.000785732472198
3.83489681051,1.63842356591,0.000816150400779
3.83802376485,1.63708869255,0.000846568329361
3.8411507192,1.63575599254,0.000876986257942
3.84427767355,1.63442546058,0.000907404186524
3.84740462789,1.63309709138,0.000937822115105
3.85053158224,1.63177087968,0.00110073309756
3.85365853659,1.63044682022,0.00132597516422
3.85678549093,1.62912490776,0.00155121723088
3.85991244528,1.6278051371,0.00177645929755
3.86303939962,1.62648750302,0.00200170136421
3.86616635397,1.62517200035,0.00222694343088
3.86929330832,1.62385862392,0.00211180659069
3.87242026266,1.62254736857,0.0019333817142
3.87554721701,1.62123822917,0.0017549568377
3.87867417136,1.61993120061,0.00157653196121
3.8818011257,1.61862627778,0.00139810708471
3.88492808005,1.6173234556,0.00121968220822
3.8880550344,1.616022729,0.001283555894
3.89118198874,1.61472409293,0.00136067867976
3.89430894309,1.61342754234,0.00143780146552
3.89743589744,1.61213307224,0.00151492425128
3.90056285178,1.6108406776,0.00159204703704
3.90368980613,1.60955035344,0.0016691698228
3.90681676048,1.60826209479,0.0015563388212
3.90994371482,1.6069758967,0.00144236363873
3.91307066917,1.60569175422,0.00132838845626
3.91619762351,1.60440966244,0.00121441327379
3.91932457786,1.60312961643,0.00110043809132
3.92245153221,1.60185161132,0.000986462908848
3.92557848655,1.60057564221,0.00103732602836
3.9287054409,1.59930170426,0.00109156820091
3.93183239525,1.59802979262,0.00114581037346
3.93495934959,1.59675990244,0.00120005254601
3.93808630394,1.59549202893,0.00125429471856
3.94121325829,1.59422616728,0.00130853689111
3.94434021263,1.5929623127,0.00142579879301
3.94746716698,1.59170046042,0.00154967938316
3.95059412133,1.5904406057,0.00167355997331
3.95372107567,1.58918274378,0.00179744056347
3.95684803002,1.58792686995,0.00192132115362
3.95997498437,1.5866729795,0.00204520174378
3.96310193871,1.58542106773,0.00207539201389
3.96622889306,1.58417112996,0.00207731625123
3.9693558474,1.58292316152,0.00207924048856
3.97248280175,1.58167715777,0.0020811647259
3.9756097561,1.58043311408,0.00208308896323
3.97873671044,1.57919102581,0.00208501320057
3.98186366479,1.57795088836,0.00191936655919
3.98499061914,1.57671269714,0.00162668358766
3.98811757348,1.57547644757,0.00133400061613
3.99124452783,1.5742421351,0.0010413176446
3.99437148218,1.57300975516,0.000748634673065
3.99749843652,1.57177930322,0.000455951701533
4.00062539087,1.57055077477,0.000369111037184
4.00375234522,1.56932416529,0.000749772984003
4.00687929956,1.5680994703,0.00113043493082
4.01000625391,1.56687668531,0.00151109687764
4.01313320826,1.56565580586,0.00189175882446
4.0162601626,1.5644368275,0.00227242077128
4.01938711695,1.56321974579,0.0026530827181
4.02251407129,1.56200455631,0.00247337390242
4.02564102564,1.56079125465,0.00228104589322
4.02876797999,1.55957983641,0.00208871788402
4.03189493433,1.55837029722,0.00189638987482
4.03502188868,1.5571626327,0.00170406186562
4.03814884303,1.5559568385,0.00151173385642
4.04127579737,1.55475291027,0.00140394558152
4.04440275172,1.5535508437,0.00135622182985
4.04752970607,1.55235063445,0.00130849807817
4.05065666041,1.55115227824,0.0012607743265
4.05378361476,1.54995577078,0.00121305057483
4.05691056911,1.54876110778,0.00116532682316
4.06003752345,1.54756828499,0.00112823474036
4.0631644778,1.54637729817,0.00116580768262
4.06629143215,1.54518814306,0.00120338062487
4.06941838649,1.54400081546,0.00124095356713
4.07254534084,1.54281531115,0.00127852650938
4.07567229518,1.54163162593,0.00131609945164
4.07879924953,1.54044975562,0.00135367239389
4.08192620388,1.53926969606,0.00165917307154
4.08505315822,1.53809144308,0.00214554496234
4.08818011257,1.53691499253,0.00263191685314
4.09130706692,1.53574034029,0.00311828874394
4.09443402126,1.53456748223,0.00360466063474
4.09756097561,1.53339641425,0.00409103252554
4.10068792996,1.53222713225,0.00457679384265
4.1038148843,1.53105963215,0.0040588312509
4.10694183865,1.52989390988,0.00354086865914
4.110068793,1.52872996138,0.00302290606739
4.11319574734,1.5275677826,0.00250494347564
4.11632270169,1.52640736952,0.00198698088388
4.11944965604,1.52524871811,0.00146901829213
4.12257661038,1.52409182436,0.00113607894842
4.12570356473,1.52293668428,0.00117137414218
4.12883051907,1.52178329388,0.00120666933595
4.13195747342,1.52063164919,0.00124196452971
4.13508442777,1.51948174625,0.00127725972347
4.13821138211,1.51833358111,0.00131255491723
4.14133833646,1.51718714983,0.00134785011099
4.14446529081,1.5160424485,0.00172082366191
4.14759224515,1.51489947319,0.00232142249368
4.1507191995,1.51375822001,0.00292202132546
4.15384615385,1.51261868506,0.00352262015723
4.15697310819,1.51148086448,0.004123218989
4.16010006254,1.51034475439,0.00472381782077
4.16322701689,1.50921035094,0.00532441665254
4.16635397123,1.50807765028,0.00504071082748
4.16948092558,1.50694664859,0.00451942198839
4.17260787992,1.50581734205,0.0039981331493
4.17573483427,1.50468972685,0.0034768443102
4.17886178862,1.50356379919,0.00295555547111
4.18198874296,1.50243955528,0.00243426663202
4.18511569731,1.50131699136,0.00191297779293
4.18824265166,1.50019610366,0.00220188179121
4.191369606,1.49907688842,0.0025748983378
4.19449656035,1.49795934191,0.0029479148844
4.1976235147,1.4968434604,0.00332093143099
4.20075046904,1.49572924016,0.00369394797759
4.20387742339,1.4946166775,0.00406696452418
4.20700437774,1.49350576872,0.00443998107078
4.21013133208,1.49239651013,0.00450206500519
4.21325828643,1.49128889805,0.00454754972755
4.21638524078,1.49018292883,0.00459303444991
4.21951219512,1.48907859881,0.00463851917228
4.22263914947,1.48797590435,0.00468400389464
4.22576610381,1.48687484182,0.004729488617
4.22889305816,1.4857754076,0.00477497333936
4.23202001251,1.48467759808,0.00474410536911
4.23514696685,1.48358140965,0.00470634052384
4.2382739212,1.48248683875,0.00466857567857
4.24140087555,1.48139388177,0.0046308108333
4.24452782989,1.48030253517,0.00459304598803
4.24765478424,1.47921279537,0.00455528114276
4.25078173859,1.47812465885,0.0045175162975
4.25390869293,1.47703812205,0.00463648548037
4.25703564728,1.47595318146,0.00479264414408
4.26016260163,1.47486983356,0.00494880280779
4.26328955597,1.47378807484,0.00510496147151
4.26641651032,1.47270790181,0.00526112013522
4.26954346467,1.471629311,0.00541727879894
4.27267041901,1.47055229891,0.00557343746265
4.27579737336,1.4694768621,0.00615135314381
4.2789243277,1.4684029971,0.00698635589386
4.28205128205,1.46733070048,0.00782135864392
4.2851782364,1.46625996879,0.00865636139398
4.28830519074,1.46519079863,0.00949136414403
4.29143214509,1.46412318656,0.0103263668941
4.29455909944,1.46305712919,0.0111613696441
4.29768605378,1.46199262313,0.0113804376639
4.30081300813,1.460929665,0.0104807123293
4.30393996248,1.45986825141,0.00958098699471
4.30706691682,1.458808379,0.00868126166011
4.31019387117,1.45775004443,0.00778153632551
4.31332082552,1.45669324434,0.00688181099091
4.31644777986,1.4556379754,0.0059820856563
4.31957473421,1.45458423428,0.00509471802368
4.32270168856,1.45353201768,0.00569383279955
4.3258286429,1.45248132228,0.00629294757543
4.32895559725,1.45143214478,0.0068920623513
4.33208255159,1.45038448191,0.00749117712717
4.33520950594,1.44933833038,0.00809029190304
4.33833646029,1.44829368692,0.00868940667892
4.34146341463,1.44725054828,0.00928852145479
4.34459036898,1.44620891121,0.00934632649971
4.34771732333,1.44516877247,0.0090113517026
4.35084427767,1.44413012882,0.0086763769055
4.35397123202,1.44309297704,0.00834140210839
4.35709818637,1.44205731393,0.00800642731128
4.36022514071,1.44102313629,0.00767145251418
4.36335209506,1.4399904409,0.00733647771707
4.36647904941,1.4389592246,0.0070709896656
4.36960600375,1.43792948421,0.0077657524318
4.3727329581,1.43690121656,0.00846051519801
4.37585991245,1.43587441849,0.00915527796422
4.37898686679,1.43484908686,0.00985004073043
4.38211382114,1.43382521852,0.0105448034966
4.38524077548,1.43280281035,0.0112395662628
4.38836772983,1.43178185922,0.011934329029
4.39149468418,1.43076236203,0.0123147411698
4.39462163852,1.42974431567,0.0123417767088
4.39774859287,1.42872771703,0.0123688122477
4.40087554722,1.42771256305,0.0123958477866
4.40400250156,1.42669885064,0.0124228833256
4.40712945591,1.42568657672,0.0124499188645
4.41025641026,1.42467573826,0.0124769544034
4.4133833646,1.42366633218,0.0125039899424
4.41651031895,1.42265835545,0.0123344223379
4.4196372733,1.42165180503,0.0121119527355
4.42276422764,1.42064667791,0.011889483133
4.42589118199,1.41964297106,0.0116670135306
4.42901813634,1.41864068147,0.0114445439281
4.43214509068,1.41763980615,0.0112220743257
4.43527204503,1.4166403421,0.0109996047233
4.43839899937,1.41564228634,0.010772963715
4.44152595372,1.4146456359,0.0103136194086
4.44465290807,1.41365038781,0.00985427510228
4.44777986241,1.41265653911,0.00939493079593
4.45090681676,1.41166408686,0.00893558648958
4.45403377111,1.41067302811,0.00847624218323
4.45716072545,1.40968335992,0.00801689787689
4.4602876798,1.40869507939,0.00755755357054
4.46341463415,1.40770818358,0.00725489178228
4.46654158849,1.40672266959,0.00778594389271
4.46966854284,1.40573853452,0.00831699600314
4.47279549719,1.40475577547,0.00884804811358
4.47592245153,1.40377438957,0.00937910022401
4.47904940588,1.40279437394,0.00991015233444
4.48217636023,1.40181572571,0.0104412044449
4.48530331457,1.40083844202,0.0109722565553
4.48843026892,1.39986252002,0.0112848009557
4.49155722326,1.39888795686,0.010766468041
4.49468417761,1.39791474971,0.0102481351262
4.49781113196,1.39694289574,0.00972980221149
4.5009380863,1.39597239213,0.00921146929675
4.50406504065,1.39500323607,0.00869313638201
4.507191995,1.39403542475,0.00817480346726
4.51031894934,1.39306895538,0.00765647055252
4.51344590369,1.39210382516,0.00735868201187
4.51657285804,1.39114003132,0.00816796433115
4.51969981238,1.39017757108,0.00897724665044
4.52282676673,1.38921644167,0.00978652896973
4.52595372108,1.38825664035,0.010595811289
4.52908067542,1.38729816434,0.0114050936083
4.53220762977,1.38634101093,0.0122143759276
4.53533458412,1.38538517736,0.0130236582469
4.53846153846,1.3844306609,0.0137791918086
4.54158849281,1.38347745885,0.012814400586
4.54471544715,1.38252556848,0.0118496093634
4.5478424015,1.3815749871,0.0108848181408
4.55096935585,1.38062571199,0.0099200269182
4.55409631019,1.37967774048,0.0089552356956
4.55722326454,1.37873106988,0.00799044447301
4.56035021889,1.3777856975,0.00702565325041
4.56347717323,1.37684162069,0.00606086202781
4.56660412758,1.37589883678,0.00588562688984
4.56973108193,1.37495734312,0.0059088646773
4.57285803627,1.37401713706,0.00593210246476
4.57598499062,1.37307821596,0.00595534025221
4.57911194497,1.37214057719,0.00597857803967
4.58223889931,1.37120421812,0.00600181582713
4.58536585366,1.37026913614,0.00602505361459
4.58849280801,1.36933532863,0.00604829140205
4.59161976235,1.368402793,0.00594541049677
4.5947467167,1.36747152663,0.00570083993392
4.59787367104,1.36654152696,0.00545626937108
4.60100062539,1.36561279138,0.00521169880823
4.60412757974,1.36468531733,0.00496712824538
4.60725453408,1.36375910224,0.00472255768254
4.61038148843,1.36283414354,0.00447798711969
4.61350844278,1.36191043869,0.00423341655685
4.61663539712,1.36098798512,0.00403563271355
4.61976235147,1.36006678031,0.00485418472012
4.62288930582,1.35914682172,0.00567273672669
4.62601626016,1.35822810682,0.00649128873326
4.62914321451,1.3573106331,0.00730984073983
4.63227016886,1.35639439803,0.00812839274639
4.6353971232,1.35547939911,0.00894694475296
4.63852407755,1.35456563384,0.00976549675953
4.64165103189,1.35365309973,0.0105840487661
4.64477798624,1.35274179429,0.010506201616
4.64790494059,1.35183171504,0.00958961078912
4.65103189493,1.35092285951,0.00867301996225
4.65415884928,1.35001522523,0.00775642913539
4.65728580363,1.34910880975,0.00683983830853
4.66041275797,1.3482036106,0.00592324748167
4.66353971232,1.34729962534,0.0050066566548
4.66666666667,1.34639685154,0.00409006582794
4.66979362101,1.34549528675,0.00317347500108
4.67292057536,1.34459492856,0.00296264738695
4.67604752971,1.34369577453,0.00284177108826
4.67917448405,1.34279782226,0.00272089478956
4.6823014384,1.34190106934,0.00260001849087
4.68542839275,1.34100551337,0.00247914219217
4.68855534709,1.34011115195,0.00235826589347
4.69168230144,1.3392179827,0.00223738959478
4.69480925578,1.33832600322,0.00211651329608
4.69793621013,1.33743521115,0.00198905169962
4.70106316448,1.33654560412,0.00182519053312
4.70419011882,1.33565717976,0.00166132936662
4.70731707317,1.33476993572,0.00149746820012
4.71044402752,1.33388386965,0.00133360703361
4.71357098186,1.33299897919,0.00116974586711
4.71669793621,1.33211526202,0.00100588470061
4.71982489056,1.3312327158,0.000842023534111
4.7229518449,1.33035133821,0.00067816236761
4.72607879925,1.32947112693,0.000594954269415
4.7292057536,1.32859207963,0.000688381735537
4.73233270794,1.32771419402,0.000781809201658
4.73545966229,1.3268374678,0.000875236667779
4.73858661664,1.32596189866,0.000968664133901
4.74171357098,1.32508748433,0.00106209160002
4.74484052533,1.32421422251,0.00115551906614
4.74796747967,1.32334211093,0.00124894653226
4.75109443402,1.32247114732,0.00134237399839
4.75422138837,1.32160132941,0.00139843139038
4.75734834271,1.32073265495,0.00138971352651
4.76047529706,1.31986512167,0.00138099566264
4.76360225141,1.31899872734,0.00137227779876
4.76672920575,1.31813346972,0.00136355993489
4.7698561601,1.31726934656,0.00135484207101
4.77298311445,1.31640635563,0.00134612420714
4.77611006879,1.31554449472,0.00133740634327
4.77923702314,1.3146837616,0.00132868847939
4.78236397749,1.31382415407,0.00130272848056
4.78549093183,1.31296566991,0.00123809661619
4.78861788618,1.31210830693,0.00117346475183
4.79174484053,1.31125206293,0.00110883288746
4.79487179487,1.31039693572,0.00104420102309
4.79799874922,1.30954292312,0.000979569158728
4.80112570356,1.30869002295,0.000914937294361
4.80425265791,1.30783823304,0.000850305429995
4.80737961226,1.30698755121,0.000785673565628
4.8105065666,1.30613797532,0.000699983979457
4.81363352095,1.30528950321,0.00048386556246
4.8167604753,1.30444213272,0.000267747145463
4.81988742964,1.30359586171,5.16287284652e-05
4.82301438399,1.30275068804,-0.000164489688532
4.82614133834,1.30190660959,-0.000380608105529
4.82926829268,1.30106362421,-0.000596726522527
4.83239524703,1.3002217298,-0.000812844939524
4.83552220138,1.29938092423,-0.00102896335652
4.83864915572,1.2985412054,-0.00124508177352
4.84177611007,1.29770257119,-0.00124617650827
4.84490306442,1.29686501951,-0.00121101129523
4.84803001876,1.29602854827,-0.00117584608219
4.85115697311,1.29519315537,-0.00114068086915
4.85428392745,1.29435883872,-0.0011055156561
4.8574108818,1.29352559626,-0.00107035044306
4.86053783615,1.29269342591,-0.00103518523002
4.86366479049,1.2918623256,-0.00100002001698
4.86679174484,1.29103229326,-0.000964854803936
4.86991869919,1.29020332685,-0.000891966341905
4.87304565353,1.2893754243,-0.000774135144828
4.87617260788,1.28854858358,-0.000656303947751
4.87929956223,1.28772280264,-0.000538472750674
4.88242651657,1.28689807944,-0.000420641553597
4.88555347092,1.28607441195,-0.00030281035652
4.88868042527,1.28525179816,-0.000184979159443
4.89180737961,1.28443023602,-6.71479623657e-05
4.89493433396,1.28360972354,5.06832347112e-05
4.89806128831,1.28279025871,0.000168514431788
4.90118824265,1.2819718395,0.00018103064336
4.904315197,1.28115446394,0.000186673537492
4.90744215134,1.28033813001,0.000192316431624
4.91056910569,1.27952283573,0.000197959325756
4.91369606004,1.27870857912,0.000203602219888
4.91682301438,1.2778953582,0.00020924511402
4.91994996873,1.27708317099,0.000214888008152
4.92307692308,1.27627201552,0.000220530902284
4.92620387742,1.27546188983,0.000226173796416
4.92933083177,1.27465279195,0.000165440370951
4.93245778612,1.27384471994,-4.96715826252e-05
4.93558474046,1.27303767184,-0.000264783536201
4.93871169481,1.27223164571,-0.000479895489777
4.94183864916,1.27142663961,-0.000695007443353
4.9449656035,1.2706226516,-0.000910119396929
4.94809255785,1.26981967975,-0.0011252313505
4.9512195122,1.26901772214,-0.00134034330408
4.95434646654,1.26821677685,-0.00155545525766
4.95747342089,1.26741684196,-0.00177056721123
4.96060037523,1.26661791555,-0.00178237974244
4.96372732958,1.26581999574,-0.00162093265596
4.96685428393,1.26502308061,-0.00145948556949
4.96998123827,1.26422716826,-0.00129803848302
4.97310819262,1.26343225681,-0.00113659139654
4.97623514697,1.26263834437,-0.000975144310068
4.97936210131,1.26184542906,-0.000813697223595
4.98248905566,1.261053509,-0.000652250137121
4.98561601001,1.26026258231,-0.000490803050647
4.98874296435,1.25947264713,-0.000329355964173
4.9918699187,1.2586837016,-0.000132233672437
4.99499687305,1.25789574386,8.37609225543e-05
4.99812382739,1.25710877204,0.000299755517546
5.00125078174,1.25632278432,0.000515750112537
5.00437773609,1.25553777883,0.000731744707529
5.00750469043,1.25475375374,0.00094773930252
5.01063164478,1.25397070721,0.00116373389751
5.01375859912,1.25318863742,0.0013797284925
5.01688555347,1.25240754253,0.00159572308749
5.02001250782,1.25162742073,0.00181171768249
5.02313946216,1.25084827019,0.00158832331613
5.02626641651,1.25007008911,0.00111850281908
5.02939337086,1.24929287568,0.00064868232202
5.0325203252,1.24851662808,0.000178861824963
5.03564727955,1.24774134453,-0.000290958672093
5.0387742339,1.24696702323,-0.00076077916915
5.04190118824,1.24619366239,-0.00123059966621
5.04502814259,1.24542126022,-0.00170042016326
5.04815509694,1.24464981494,-0.00217024066032
5.05128205128,1.24387932477,-0.00264006115738
5.05440900563,1.24310978795,-0.00281376527928
5.05753595997,1.24234120269,-0.00268826826354
5.06066291432,1.24157356725,-0.00256277124781
5.06378986867,1.24080687985,-0.00243727423207
5.06691682301,1.24004113875,-0.00231177721633
5.07004377736,1.2392763422,-0.0021862802006
5.07317073171,1.23851248843,-0.00206078318486
5.07629768605,1.23774957573,-0.00193528616912
5.0794246404,1.23698760234,-0.00180978915339
5.08255159475,1.23622656653,-0.00168429213765
5.08567854909,1.23546646657,-0.00153119526238
5.08880550344,1.23470730075,-0.00128119539884
5.09193245779,1.23394906733,-0.00103119553529
5.09505941213,1.2331917646,-0.000781195671747
5.09818636648,1.23243539085,-0.000531195808202
5.10131332083,1.23167994436,-0.000281195944658
5.10444027517,1.23092542345,-3.11960811126e-05
5.10756722952,1.2301718264,0.000218803782432
5.11069418386,1.22941915151,0.000468803645977
5.11382113821,1.22866739711,0.000718803509522
5.11694809256,1.2279165615,0.000968803373067
5.1200750469,1.22716664299,0.000560178002724
5.12320200125,1.22641763991,-2.03092383385e-06
5.1263289556,1.22566955059,-0.000564239850392
5.12945590994,1.22492237335,-0.00112644877695
5.13258286429,1.22417610652,-0.00168865770351
5.13570981864,1.22343074844,-0.00225086663006
5.13883677298,1.22268629745,-0.00281307555662
5.14196372733,1.22194275191,-0.00337528448318
5.14509068168,1.22120011015,-0.00393749340974
5.14821763602,1.22045837053,-0.0044997023363
5.15134459037,1.2197175314,-0.00488000985431
5.15447154472,1.21897759114,-0.00474907416022
5.15759849906,1.2182385481,-0.00461813846613
5.16072545341,1.21750040065,-0.00448720277204
5.16385240775,1.21676314717,-0.00435626707795
5.1669793621,1.21602678603,-0.00422533138386
5.17010631645,1.21529131561,-0.00409439568976
5.17323327079,1.21455673431,-0.00396345999567
5.17636022514,1.2138230405,-0.00383252430158
5.17948717949,1.21309023257,-0.00370158860749
5.18261413383,1.21235830894,-0.0035706529134
5.18574108818,1.21162726799,-0.00340176916908
5.18886804253,1.21089710813,-0.00320466678318
5.19199499687,1.21016782777,-0.00300756439728
5.19512195122,1.20943942533,-0.00281046201138
5.19824890557,1.2087118992,-0.00261335962548
5.20137585991,1.20798524783,-0.00241625723958
5.20450281426,1.20725946962,-0.00221915485368
5.20762976861,1.20653456301,-0.00202205246778
5.21075672295,1.20581052643,-0.00182495008188
5.2138836773,1.2050873583,-0.00162784769598
5.21701063164,1.20436505708,-0.00143074531008
5.22013758599,1.2036436212,-0.001411959739
5.22326454034,1.20292304911,-0.00145537598113
5.22639149468,1.20220333926,-0.00149879222325
5.22951844903,1.2014844901,-0.00154220846538
5.23264540338,1.20076650008,-0.0015856247075
5.23577235772,1.20004936768,-0.00162904094963
5.23889931207,1.19933309134,-0.00167245719175
5.24202626642,1.19861766955,-0.00171587343388
5.24515322076,1.19790310077,-0.001759289676
5.24828017511,1.19718938348,-0.00180270591813
5.25140712946,1.19647651616,-0.00184612216025
5.2545340838,1.19576449728,-0.00190503332127
5.25766103815,1.19505332535,-0.001968753659
5.2607879925,1.19434299883,-0.00203247399672
5.26391494684,1.19363351624,-0.00209619433445
5.26704190119,1.19292487606,-0.00215991467218
5.27016885553,1.1922170768,-0.00222363500991
5.27329580988,1.19151011696,-0.00228735534763
5.27642276423,1.19080399504,-0.00235107568536
5.27954971857,1.19009870957,-0.00241479602309
5.28267667292,1.18939425905,-0.00247851636081
5.28580362727,1.188690642,-0.00254223669854
5.28893058161,1.18798785694,-0.0025076582335
5.29205753596,1.18728590241,-0.00241678265519
5.29518449031,1.18658477692,-0.00232590707689
5.29831144465,1.18588447901,-0.00223503149859
5.301438399,1.18518500722,-0.00214415592028
5.30456535335,1.18448636008,-0.00205328034198
5.30769230769,1.18378853614,-0.00196240476368
5.31081926204,1.18309153394,-0.00187152918537
5.31394621639,1.18239535203,-0.00178065360707
5.31707317073,1.18169998896,-0.00168977802877
5.32020012508,1.1810054433,-0.00159890245046
5.32332707942,1.1803117136,-0.00163578290994
5.32645403377,1.17961879842,-0.00190331432934
5.32958098812,1.17892669634,-0.00217084574875
5.33270794246,1.17823540591,-0.00243837716815
5.33583489681,1.17754492571,-0.00270590858755
5.33896185116,1.17685525433,-0.00297344000695
5.3420888055,1.17616639033,-0.00324097142636
5.34521575985,1.1754783323,-0.00350850284576
5.3483427142,1.17479107883,-0.00377603426516
5.35146966854,1.17410462851,-0.00404356568457
5.35459662289,1.17341897993,-0.00431109710397
5.35772357724,1.17273413169,-0.00457862852337
5.36085053158,1.17205008238,-0.00436425451461
5.36397748593,1.17136683061,-0.00410903409451
5.36710444028,1.17068437499,-0.0038538136744
5.37023139462,1.17000271412,-0.00359859325429
5.37335834897,1.16932184662,-0.00334337283418
5.37648530331,1.1686417711,-0.00308815241407
5.37961225766,1.16796248619,-0.00283293199396
5.38273921201,1.16728399049,-0.00257771157385
5.38586616635,1.16660628265,-0.00232249115374
5.3889931207,1.16592936128,-0.00206727073363
5.39212007505,1.16525322503,-0.00181205031352
5.39524702939,1.16457787251,-0.0017282002883
5.39837398374,1.16390330238,-0.00199407580283
5.40150093809,1.16322951328,-0.00225995131736
5.40462789243,1.16255650384,-0.00252582683188
5.40775484678,1.16188427272,-0.00279170234641
5.41088180113,1.16121281856,-0.00305757786094
5.41400875547,1.16054214002,-0.00332345337547
5.41713570982,1.15987223576,-0.00358932888999
5.42026266417,1.15920310444,-0.00385520440452
5.42338961851,1.15853474472,-0.00412107991905
5.42651657286,1.15786715526,-0.00438695543357
5.4296435272,1.15720033474,-0.0046528309481
5.43277048155,1.15653428182,-0.00422166060277
5.4358974359,1.15586899519,-0.00327353820032
5.43902439024,1.15520447352,-0.00232541579787
5.44215134459,1.15454071549,-0.00137729339541
5.44527829894,1.15387771979,-0.000429170992961
5.44840525328,1.1532154851,0.000518951409492
5.45153220763,1.15255401012,0.00146707381194
5.45465916198,1.15189329353,0.0024151962144
5.45778611632,1.15123333404,0.00336331861685
5.46091307067,1.15057413035,0.0043114410193
5.46404002502,1.14991568115,0.00525956342176
5.46716697936,1.14925798515,0.00620768582421
5.47029393371,1.14860104106,0.00556737238683
5.47342088806,1.1479448476,0.00408820547031
5.4765478424,1.14728940347,0.00260903855379
5.47967479675,1.14663470739,0.00112987163727
5.48280175109,1.14598075809,-0.000349295279257
5.48592870544,1.14532755428,-0.00182846219578
5.48905565979,1.1446750947,-0.0033076291123
5.49218261413,1.14402337807,-0.00478679602882
5.49530956848,1.14337240312,-0.00626596294535
5.49843652283,1.14272216858,-0.00774512986187
5.50156347717,1.1420726732,-0.00922429677839
5.50469043152,1.14142391572,-0.0107034636949
5.50781738587,1.14077589488,-0.0106021005709
5.51094434021,1.14012860942,-0.00928925475668
5.51407129456,1.13948205809,-0.0079764089424
5.51719824891,1.13883623965,-0.00666356312813
5.52032520325,1.13819115285,-0.00535071731386
5.5234521576,1.13754679644,-0.00403787149958
5.52657911194,1.1369031692,-0.00272502568531
5.52970606629,1.13626026987,-0.00141217987104
5.53283302064,1.13561809723,-9.93340567626e-05
5.53595997498,1.13497665004,0.00121351175751
5.53908692933,1.13433592708,0.00252635757178
5.54221388368,1.13369592712,0.00383920338606
5.54534083802,1.13305664894,0.00458142294659
5.54846779237,1.13241809132,0.00402732582262
5.55159474672,1.13178025303,0.00347322869864
5.55472170106,1.13114313287,0.00291913157467
5.55784865541,1.13050672963,0.00236503445069
5.56097560976,1.12987104208,0.00181093732672
5.5641025641,1.12923606903,0.00125684020274
5.56722951845,1.12860180928,0.000702743078768
5.5703564728,1.12796826161,0.000148645954794
5.57348342714,1.12733542484,-0.000405451169181
5.57661038149,1.12670329777,-0.000959548293156
5.57973733583,1.1260718792,-0.00151364541713
5.58286429018,1.12544116794,-0.00206774254111
5.58599124453,1.12481116281,-0.00171248249285
5.58911819887,1.12418186261,-0.00122062511466
5.59224515322,1.12355326618,-0.000728767736476
5.59537210757,1.12292537232,-0.000236910358289
5.59849906191,1.12229817987,0.000254947019898
5.60162601626,1.12167168764,0.000746804398085
5.60475297061,1.12104589446,0.00123866177627
5.60787992495,1.12042079917,0.00173051915446
5.6110068793,1.1197964006,0.00222237653265
5.61413383365,1.11917269758,0.00271423391083
5.61726078799,1.11854968895,0.00320609128902
5.62038774234,1.11792737356,0.00369794866721
5.62351469669,1.11730575024,0.00391053788635
5.62664165103,1.11668481785,0.00330108815095
5.62976860538,1.11606457523,0.00269163841556
5.63289555972,1.11544502123,0.00208218868017
5.63602251407,1.1148261547,0.00147273894477
5.63914946842,1.11420797451,0.000863289209377
5.64227642276,1.11359047951,0.000253839473982
5.64540337711,1.11297366857,-0.000355610261412
5.64853033146,1.11235754054,-0.000965059996806
5.6516572858,1.1117420943,-0.0015745097322
5.65478424015,1.11112732871,-0.00218395946759
5.6579111945,1.11051324264,-0.00279340920299
5.66103814884,1.10989983497,-0.00340285893838
5.66416510319,1.10928710458,-0.00316357573014
5.66729205754,1.10867505034,-0.00190472604188
5.67041901188,1.10806367113,-0.00064587635362
5.67354596623,1.10745296585,0.00061297333464
5.67667292058,1.10684293337,0.0018718230229
5.67979987492,1.10623357258,0.00313067271116
5.68292682927,1.10562488238,0.00438952239942
5.68605378361,1.10501686166,0.00564837208768
5.68918073796,1.10440950931,0.00690722177594
5.69230769231,1.10380282423,0.0081660714642
5.69543464665,1.10319680533,0.00942492115246
5.698561601,1.10259145151,0.0106837708407
5.70168855535,1.10198676167,0.011942620529
5.70481550969,1.10138273473,0.0121103173179
5.70794246404,1.10077936958,0.0110351855321
5.71106941839,1.10017666515,0.00996005374632
5.71419637273,1.09957462035,0.00888492196053
5.71732332708,1.0989732341,0.00780979017474
5.72045028143,1.09837250532,0.00673465838895
5.72357723577,1.09777243293,0.00565952660316
5.72670419012,1.09717301585,0.00458439481738
5.72983114447,1.09657425302,0.00350926303159
5.73295809881,1.09597614336,0.0024341312458
5.73608505316,1.0953786858,0.00135899946001
5.7392120075,1.09478187928,0.000283867674224
5.74233896185,1.09418572274,-0.000791264111564
5.7454659162,1.09359021511,-0.00135526744452
5.74859287054,1.09299535533,-0.00066262153194
5.75171982489,1.09240114235,3.00243806384e-05
5.75484677924,1.09180757511,0.000722670293217
5.75797373358,1.09121465257,0.00141531620579
5.76110068793,1.09062237366,0.00210796211837
5.76422764228,1.09003073735,0.00280060803095
5.76735459662,1.08943974259,0.00349325394353
5.77048155097,1.08884938834,0.00418589985611
5.77360850532,1.08825967355,0.00487854576869
5.77673545966,1.08767059718,0.00557119168126
5.77986241401,1.08708215821,0.00626383759384
5.78298936836,1.08649435559,0.00695648350642
5.7861163227,1.0859071883,0.007649129419
5.78924327705,1.08532065531,0.0075503654973
5.79237023139,1.08473475558,0.00737801231199
5.79549718574,1.0841494881,0.00720565912668
5.79862414009,1.08356485183,0.00703330594137
5.80175109443,1.08298084577,0.00686095275606
5.80487804878,1.08239746888,0.00668859957075
5.80800500313,1.08181472017,0.00651624638543
5.81113195747,1.0812325986,0.00634389320012
5.81425891182,1.08065110317,0.00617154001481
5.81738586617,1.08007023287,0.0059991868295
5.82051282051,1.0794899867,0.00582683364419
5.82363977486,1.07891036364,0.00565448045888
5.82676672921,1.07833136269,0.00548212727357
5.82989368355,1.07775298286,0.00539317111086
5.8330206379,1.07717522314,0.00546573825824
5.83614759225,1.07659808253,0.00553830540562
5.83927454659,1.07602156005,0.005610872553
5.84240150094,1.0754456547,0.00568343970038
5.84552845528,1.07487036548,0.00575600684776
5.84865540963,1.07429569142,0.00582857399514
5.85178236398,1.07372163153,0.00590114114252
5.85490931832,1.07314818481,0.0059737082899
5.85803627267,1.07257535029,0.00604627543729
5.86116322702,1.07200312699,0.00611884258467
5.86429018136,1.07143151394,0.00619140973205
5.86741713571,1.07086051014,0.00626397687943
5.87054409006,1.07029011465,0.00633654402681
5.8736710444,1.06972032647,0.00691671962417
5.87679799875,1.06915114464,0.00789350240256
5.8799249531,1.0685825682,0.00887028518094
5.88305190744,1.06801459617,0.00984706795933
5.88617886179,1.0674472276,0.0108238507377
5.88930581614,1.06688046152,0.0118006335161
5.89243277048,1.06631429698,0.0127774162945
5.89555972483,1.06574873302,0.0137541990729
5.89868667917,1.06518376868,0.0147309818513
5.90181363352,1.06461940301,0.0157077646296
5.90494058787,1.06405563505,0.016684547408
5.90806754221,1.06349246387,0.0176613301864
5.91119449656,1.06292988851,0.0186381129648
5.91432145091,1.06236790802,0.0196148957432
5.91744840525,1.06180652147,0.019580351706
5.9205753596,1.06124572792,0.0187918875557
5.92370231395,1.06068552641,0.0180034234054
5.92682926829,1.06012591603,0.0172149592551
5.92995622264,1.05956689582,0.0164264951048
5.93308317699,1.05900846487,0.0156380309545
5.93621013133,1.05845062223,0.0148495668042
5.93933708568,1.05789336698,0.0140611026539
5.94246404003,1.05733669819,0.0132726385036
5.94559099437,1.05678061493,0.0124841743533
5.94871794872,1.05622511629,0.0116957102029
5.95184490306,1.05567020134,0.0109072460526
5.95497185741,1.05511586916,0.0101187819023
5.95809881176,1.05456211884,0.00933031775202
5.9612257661,1.05400894945,0.00884409991541
5.96435272045,1.05345636009,0.00887181335547
5.9674796748,1.05290434984,0.00889952679553
5.97060662914,1.05235291779,0.00892724023559
5.97373358349,1.05180206304,0.00895495367564
5.97686053784,1.05125178468,0.0089826671157
5.97998749218,1.0507020818,0.00901038055576
5.98311444653,1.0501529535,0.00903809399581
5.98624140088,1.04960439889,0.00906580743587
5.98936835522,1.04905641706,0.00909352087593
5.99249530957,1.04850900712,0.00912123431598
5.99562226391,1.04796216816,0.00914894775604
5.99874921826,1.04741589931,0.0091766611961
6.00187617261,1.04687019966,0.00920437463616
6.00500312695,1.04632506834,0.00923208807621
6.0081300813,1.04578050444,0.00881137303154
6.01125703565,1.04523650709,0.00836640282038
6.01438398999,1.04469307541,0.00792143260922
6.01751094434,1.0441502085,0.00747646239807
6.02063789869,1.04360790549,0.00703149218691
6.02376485303,1.04306616551,0.00658652197575
6.02689180738,1.04252498767,0.00614155176459
6.03001876173,1.0419843711,0.00569658155344
6.03314571607,1.04144431494,0.00525161134228
6.03627267042,1.04090481829,0.00480664113112
6.03939962477,1.04036588031,0.00436167091996
6.04252657911,1.03982750012,0.0039167007088
6.04565353346,1.03928967686,0.00347173049765
6.0487804878,1.03875240965,0.00302676028649
6.05190744215,1.03821569765,0.00304339818999
6.0550343965,1.03767953999,0.00412221151644
6.05816135084,1.03714393581,0.00520102484288
6.06128830519,1.03660888425,0.00627983816933
6.06441525954,1.03607438447,0.00735865149578
6.06754221388,1.0355404356,0.00843746482223
6.07066916823,1.0350070368,0.00951627814867
6.07379612258,1.03447418721,0.0105950914751
6.07692307692,1.03394188599,0.0116739048016
6.08005003127,1.0334101323,0.012752718128
6.08317698562,1.03287892528,0.0138315314545
6.08630393996,1.0323482641,0.0149103447809
6.08943089431,1.03181814791,0.0159891581074
6.09255784866,1.03128857588,0.0170679714338
6.095684803,1.03075954716,0.0181467847602
6.09881175735,1.03023106093,0.0184006016564
6.10193871169,1.02970311635,0.0175511057987
6.10506566604,1.02917571258,0.0167016099411
6.10819262039,1.02864884879,0.0158521140835
6.11131957473,1.02812252417,0.0150026182258
6.11444652908,1.02759673787,0.0141531223682
6.11757348343,1.02707148908,0.0133036265106
6.12070043777,1.02654677697,0.0124541306529
6.12382739212,1.02602260071,0.0116046347953
6.12695434647,1.0254989595,0.0107551389377
6.13008130081,1.0249758525,0.00990564308004
6.13320825516,1.0244532789,0.0090561472224
6.13633520951,1.02393123789,0.00820665136477
6.13946216385,1.02340972865,0.00735715550714
6.1425891182,1.02288875037,0.0065076596495
6.14571607255,1.02236830225,0.00609514329944
6.14884302689,1.02184838346,0.00661986150957
6.15196998124,1.02132899321,0.00714457971969
6.15509693558,1.02081013068,0.00766929792982
6.15822388993,1.02029179508,0.00819401613994
6.16135084428,1.0197739856,0.00871873435007
6.16447779862,1.01925670145,0.00924345256019
6.16760475297,1.01873994182,0.00976817077032
6.17073170732,1.01822370591,0.0102928889804
6.17385866166,1.01770799293,0.0108176071906
6.17698561601,1.01719280208,0.0113423254007
6.18011257036,1.01667813258,0.0118670436108
6.1832395247,1.01616398363,0.0123917618209
6.18636647905,1.01565035445,0.0129164800311
6.1894934334,1.01513724423,0.0134411982412
6.19262038774,1.01462465221,0.0139659164513
6.19574734209,1.01411257759,0.0131212140638
6.19887429644,1.01360101959,0.0122309792916
6.20200125078,1.01308997743,0.0113407445195
6.20512820513,1.01257945033,0.0104505097474
6.20825515947,1.01206943751,0.00956027497524
6.21138211382,1.0115599382,0.0086700402031
6.21450906817,1.01105095161,0.00777980543097
6.21763602251,1.01054247698,0.00688957065883
6.22076297686,1.01003451354,0.0059993358867
6.22388993121,1.00952706051,0.00510910111456
6.22701688555,1.00902011712,0.00421886634243
6.2301438399,1.00851368261,0.00332863157029
6.23327079425,1.00800775621,0.00243839679816
6.23639774859,1.00750233716,0.00154816202603
6.23952470294,1.00699742469,0.000657927253891
6.24265165729,1.00649301805,0.000406522305283
6.24577861163,1.00598911647,0.00123544120287
6.24890556598,1.00548571919,0.00206436010045
6.25203252033,1.00498282547,0.00289327899803
6.25515947467,1.00448043453,0.00372219789562
6.25828642902,1.00397854564,0.0045511167932
6.26141338336,1.00347715803,0.00538003569079
6.26454033771,1.00297627096,0.00620895458837
6.26766729206,1.00247588367,0.00703787348595
6.2707942464,1.00197599543,0.00786679238354
6.27392120075,1.00147660548,0.00869571128112
6.2770481551,1.00097771308,0.0095246301787
6.28017510944,1.00047931748,0.0103535490763
6.28330206379,0.999981417954,0.0111824679739
6.28642901814,0.999484013747,0.0120113868715
6.28955597248,0.998987104125,0.012840305769
6.29268292683,0.99849068835,0.0129146972167
6.29580988118,0.997994765688,0.0123019729763
6.29893683552,0.997499335403,0.0116892487359
6.30206378987,0.997004396763,0.0110765244955
6.30519074422,0.996509949036,0.0104638002552
6.30831769856,0.996015991492,0.00985107601478
6.31144465291,0.995522523403,0.00923835177439
6.31457160725,0.995029544041,0.008625627534
6.3176985616,0.994537052681,0.00801290329362
6.32082551595,0.994045048598,0.00740017905323
6.32395247029,0.99355353107,0.00678745481285
6.32707942464,0.993062499375,0.00617473057246
6.33020637899,0.992571952794,0.00556200633207
6.33333333333,0.992081890607,0.00494928209169
6.33646028768,0.991592312098,0.0043365578513
6.33958724203,0.991103216551,0.00372383361092
6.34271419637,0.990614603252,0.00350481745567
6.34584115072,0.990126471487,0.00383611796351
6.34896810507,0.989638820546,0.00416741847135
6.35209505941,0.989151649717,0.00449871897919
6.35522201376,0.988664958294,0.00483001948703
6.35834896811,0.988178745567,0.00516131999487
6.36147592245,0.987693010832,0.00549262050272
6.3646028768,0.987207753383,0.00582392101056
6.36772983114,0.986722972518,0.0061552215184
6.37085678549,0.986238667535,0.00648652202624
6.37398373984,0.985754837734,0.00681782253408
6.37711069418,0.985271482414,0.00714912304192
6.38023764853,0.98478860088,0.00748042354976
6.38336460288,0.984306192435,0.0078117240576
6.38649155722,0.983824256383,0.00814302456545
6.38961851157,0.983342792031,0.00847432507329
6.39274546592,0.982861798687,0.00876923437274
6.39587242026,0.982381275661,0.00831440240795
6.39899937461,0.981901222262,0.00785957044315
6.40212632896,0.981421637802,0.00740473847836
6.4052532833,0.980942521595,0.00694990651356
6.40838023765,0.980463872956,0.00649507454876
6.41150719199,0.9799856912,0.00604024258397
6.41463414634,0.979507975644,0.00558541061917
6.41776110069,0.979030725607,0.00513057865437
6.42088805503,0.978553940409,0.00467574668958
6.42401500938,0.978077619371,0.00422091472478
6.42714196373,0.977601761816,0.00376608275998
6.43026891807,0.977126367067,0.00331125079519
6.43339587242,0.976651434449,0.00285641883039
6.43652282677,0.97617696329,0.0024015868656
6.43964978111,0.975702952916,0.0019467549008
6.44277673546,0.975229402658,0.001491922936
6.44590368981,0.974756311844,0.0013860887552
6.44903064415,0.974283679808,0.00179390294175
6.4521575985,0.973811505882,0.0022017171283
6.45528455285,0.973339789399,0.00260953131485
6.45841150719,0.972868529697,0.00301734550141
6.46153846154,0.972397726111,0.00342515968796
6.46466541588,0.97192737798,0.00383297387451
6.46779237023,0.971457484643,0.00424078806106
6.47091932458,0.970988045441,0.00464860224762
6.47404627892,0.970519059716,0.00505641643417
6.47717323327,0.970050526811,0.00546423062072
6.48030018762,0.96958244607,0.00587204480727
6.48342714196,0.96911481684,0.00627985899382
6.48655409631,0.968647638467,0.00668767318038
6.48968105066,0.9681809103,0.00709548736693
6.492808005,0.967714631688,0.00750330155348
6.49593495935,0.967248801981,0.00791111574003
6.4990619137,0.966783420533,0.00793031273329
6.50218886804,0.966318486696,0.00753707153045
6.50531582239,0.965853999825,0.00714383032762
6.50844277674,0.965389959276,0.00675058912478
6.51156973108,0.964926364405,0.00635734792194
6.51469668543,0.96446321457,0.0059641067191
6.51782363977,0.964000509133,0.00557086551627
6.52095059412,0.963538247452,0.00517762431343
6.52407754847,0.96307642889,0.00478438311059
6.52720450281,0.96261505281,0.00439114190775
6.53033145716,0.962154118577,0.00399790070492
6.53345841151,0.961693625556,0.00360465950208
6.53658536585,0.961233573113,0.00321141829924
6.5397123202,0.960773960618,0.0028181770964
6.54283927455,0.960314787438,0.00242493589357
6.54596622889,0.959856052945,0.00203169469073
6.54909318324,0.959397756511,0.00163845348789
6.55222013759,0.958939897507,0.00139004643356
6.55534709193,0.958482475308,0.00151220382238
6.55847404628,0.95802548929,0.00163436121119
6.56160100063,0.957568938828,0.0017565186
6.56472795497,0.9571128233,0.00187867598881
6.56785490932,0.956657142085,0.00200083337762
6.57098186366,0.956201894564,0.00212299076643
6.57410881801,0.955747080116,0.00224514815524
6.57723577236,0.955292698125,0.00236730554405
6.5803627267,0.954838747974,0.00248946293286
6.58348968105,0.954385229047,0.00261162032167
6.5866166354,0.953932140731,0.00273377771048
6.58974358974,0.953479482412,0.00285593509929
6.59287054409,0.953027253479,0.0029780924881
6.59599749844,0.952575453321,0.00310024987691
6.59912445278,0.952124081329,0.00322240726572
6.60225140713,0.951673136893,0.00334456465453
6.60537836148,0.951222619407,0.00346672204335
6.60850531582,0.950772528265,0.00346388721792
6.61163227017,0.950322862862,0.00342682006005
6.61475922452,0.949873622594,0.00338975290219
6.61788617886,0.949424806859,0.00335268574432
6.62101313321,0.948976415054,0.00331561858645
6.62414008755,0.94852844658,0.00327855142859
6.6272670419,0.948080900838,0.00324148427072
6.63039399625,0.947633777229,0.00320441711286
6.63352095059,0.947187075156,0.00316734995499
6.63664790494,0.946740794024,0.00313028279712
6.63977485929,0.946294933237,0.00309321563926
6.64290181363,0.945849492203,0.00305614848139
6.64602876798,0.945404470328,0.00301908132352
6.64915572233,0.944959867022,0.00298201416566
6.65228267667,0.944515681694,0.00294494700779
6.65540963102,0.944071913755,0.00290787984993
6.65853658537,0.943628562617,0.00287081269206
6.66166353971,0.943185627692,0.00283374553419
6.66479049406,0.942743108396,0.00272833997134
6.66791744841,0.942301004144,0.00262222003107
6.67104440275,0.941859314351,0.0025161000908
6.6741713571,0.941418038435,0.00240998015053
6.67729831144,0.940977175815,0.00230386021026
6.68042526579,0.940536725911,0.00219774026999
6.68355222014,0.940096688143,0.00209162032972
6.68667917448,0.939657061932,0.00198550038945
6.68980612883,0.939217846703,0.00187938044918
6.69293308318,0.938779041878,0.00177326050891
6.69606003752,0.938340646883,0.00166714056864
6.69918699187,0.937902661145,0.00156102062837
6.70231394622,0.937465084089,0.00145490068809
6.70544090056,0.937027915145,0.00134878074782
6.70856785491,0.936591153741,0.00124266080755
6.71169480926,0.936154799309,0.00113654086728
6.7148217636,0.935718851279,0.00103042092701
6.71794871795,0.935283309084,0.000924300986741
6.7210756723,0.934848172158,0.000879003532382
6.72420262664,0.934413439935,0.000841435210735
6.72732958099,0.933979111851,0.000803866889087
6.73045653533,0.933545187343,0.00076629856744
6.73358348968,0.933111665848,0.000728730245793
6.73671044403,0.932678546805,0.000691161924145
6.73983739837,0.932245829654,0.000653593602498
6.74296435272,0.931813513836,0.00061602528085
6.74609130707,0.931381598793,0.000578456959203
6.74921826141,0.930950083968,0.000540888637556
6.75234521576,0.930518968804,0.000503320315908
6.75547217011,0.930088252748,0.000465751994261
6.75859912445,0.929657935244,0.000428183672614
6.7617260788,0.92922801574,0.000390615350966
6.76485303315,0.928798493684,0.000353047029319
6.76797998749,0.928369368525,0.000315478707671
6.77110694184,0.927940639714,0.000277910386024
6.77423389619,0.927512306701,0.000240342064377
6.77736085053,0.927084368938,0.000290445498922
6.78048780488,0.926656825879,0.000439484755054
6.78361475922,0.926229676978,0.000588524011186
6.78674171357,0.92580292169,0.000737563267318
6.78986866792,0.925376559471,0.000886602523451
6.79299562226,0.924950589779,0.00103564177958
6.79612257661,0.924525012071,0.00118468103572
6.79924953096,0.924099825808,0.00133372029185
6.8023764853,0.923675030448,0.00148275954798
6.80550343965,0.923250625453,0.00163179880411
6.808630394,0.922826610286,0.00178083806024
6.81175734834,0.922402984409,0.00192987731638
6.81488430269,0.921979747286,0.00207891657251
6.81801125704,0.921556898384,0.00222795582864
6.82113821138,0.921134437167,0.00237699508477
6.82426516573,0.920712363103,0.0025260343409
6.82739212008,0.92029067566,0.00267507359704
6.83051907442,0.919869374307,0.00282411285317
6.83364602877,0.919448458514,0.0029731521093
6.83677298311,0.919027927752,0.00304203616723
6.83989993746,0.918607781492,0.00308113881829
6.84302689181,0.918188019209,0.00312024146936
6.84615384615,0.917768640375,0.00315934412042
6.8492808005,0.917349644465,0.00319844677148
6.85240775485,0.916931030956,0.00323754942255
6.85553470919,0.916512799323,0.00327665207361
6.85866166354,0.916094949045,0.00331575472467
6.86178861789,0.915677479601,0.00335485737573
6.86491557223,0.915260390469,0.0033939600268
6.86804252658,0.914843681131,0.00343306267786
6.87116948093,0.914427351068,0.00347216532892
6.87429643527,0.914011399762,0.00351126797999
6.87742338962,0.913595826696,0.00355037063105
6.88055034396,0.913180631356,0.00358947328211
6.88367729831,0.912765813226,0.00362857593318
6.88680425266,0.912351371793,0.00366767858424
6.889931207,0.911937306543,0.0037067812353
6.89305816135,0.911523616964,0.00374588388636
6.8961851157,0.911110302546,0.00370430973114
6.89931207004,0.910697362779,0.00362053440281
6.90243902439,0.910284797153,0.00353675907449
6.90556597874,0.90987260516,0.00345298374617
6.90869293308,0.909460786293,0.00336920841785
6.91181988743,0.909049340045,0.00328543308953
6.91494684178,0.908638265911,0.0032016577612
6.91807379612,0.908227563386,0.00311788243288
6.92120075047,0.907817231967,0.00303410710456
6.92432770482,0.907407271151,0.00295033177624
6.92745465916,0.906997680435,0.00286655644791
6.93058161351,0.90658845932,0.00278278111959
6.93370856785,0.906179607304,0.00269900579127
6.9368355222,0.905771123889,0.00261523046295
6.93996247655,0.905363008577,0.00253145513463
6.94308943089,0.90495526087,0.0024476798063
6.94621638524,0.904547880272,0.00236390447798
6.94934333959,0.904140866287,0.00228012914966
6.95247029393,0.90373421842,0.00219635382134
6.95559724828,0.903327936179,0.00205648861335
6.95872420263,0.902922019069,0.00174221232426
6.96185115697,0.902516466599,0.00142793603517
6.96497811132,0.902111278278,0.00111365974608
6.96810506567,0.901706453615,0.000799383456989
6.97123202001,0.901301992122,0.000485107167899
6.97435897436,0.900897893309,0.000170830878809
6.97748592871,0.900494156689,-0.000143445410281
6.98061288305,0.900090781776,-0.000457721699371
6.9837398374,0.899687768083,-0.000771997988461
6.98686679174,0.899285115125,-0.00108627427755
6.98999374609,0.898882822419,-0.00140055056664
6.99312070044,0.898480889481,-0.00171482685573
6.99624765478,0.898079315829,-0.00202910314482
6.99937460913,0.897678100981,-0.00234337943391
7.00250156348,0.897277244457,-0.002657655723
7.00562851782,0.896876745776,-0.00297193201209
7.00875547217,0.89647660446,-0.00328620830118
7.01188242652,0.89607682003,-0.00360048459027
7.01500938086,0.89567739201,-0.00391476087936
7.01813633521,0.895278319923,-0.00384511233005
7.02126328956,0.894879603294,-0.00336000006293
7.0243902439,0.894481241647,-0.0028748877958
7.02751719825,0.894083234509,-0.00238977552868
7.0306441526,0.893685581407,-0.00190466326155
7.03377110694,0.893288281869,-0.00141955099443
7.03689806129,0.892891335423,-0.000934438727305
7.04002501563,0.892494741599,-0.00044932646018
7.04315196998,0.892098499927,3.5785806945e-05
7.04627892433,0.891702609939,0.00052089807407
7.04940587867,0.891307071166,0.00100601034119
7.05253283302,0.890911883141,0.00149112260832
7.05565978737,0.890517045398,0.00197623487544
7.05878674171,0.890122557471,0.00246134714257
7.06191369606,0.889728418897,0.00294645940969
7.06504065041,0.88933462921,0.00343157167682
7.06816760475,0.888941187947,0.00391668394394
7.0712945591,0.888548094648,0.00440179621107
7.07442151345,0.888155348849,0.00488690847819
7.07754846779,0.887762950091,0.00537202074532
7.08067542214,0.887370897914,0.00567030809407
7.08380237649,0.886979191858,0.00563336469116
7.08692933083,0.886587831467,0.00559642128826
7.09005628518,0.886196816281,0.00555947788535
7.09318323952,0.885806145846,0.00552253448245
7.09631019387,0.885415819704,0.00548559107954
7.09943714822,0.885025837401,0.00544864767664
7.10256410256,0.884636198484,0.00541170427373
7.10569105691,0.884246902498,0.00537476087083
7.10881801126,0.883857948991,0.00533781746792
7.1119449656,0.883469337511,0.00530087406502
7.11507191995,0.883081067608,0.00526393066211
7.1181988743,0.882693138832,0.00522698725921
7.12132582864,0.882305550732,0.0051900438563
7.12445278299,0.88191830286,0.0051531004534
7.12757973734,0.881531394769,0.0051161570505
7.13070669168,0.881144826011,0.00507921364759
7.13383364603,0.880758596141,0.00504227024469
7.13696060038,0.880372704713,0.00500532684178
7.14008755472,0.879987151281,0.00496838343888
7.14321450907,0.879601935404,0.00493144003597
7.14634146341,0.879217056636,0.0048907996316
7.14946841776,0.878832514536,0.00484958848473
7.15259537211,0.878448308663,0.00480837733787
7.15572232645,0.878064438575,0.004767166191
7.1588492808,0.877680903833,0.00472595504413
7.16197623515,0.877297703998,0.00468474389726
7.16510318949,0.87691483863,0.00464353275039
7.16823014384,0.876532307292,0.00460232160353
7.17135709819,0.876150109547,0.00456111045666
7.17448405253,0.87576824496,0.00451989930979
7.17761100688,0.875386713094,0.00447868816292
7.18073796123,0.875005513515,0.00443747701606
7.18386491557,0.874624645789,0.00439626586919
7.18699186992,0.874244109483,0.00435505472232
7.19011882427,0.873863904165,0.00431384357545
7.19324577861,0.873484029402,0.00427263242858
7.19637273296,0.873104484764,0.00423142128172
7.1994996873,0.872725269821,0.00419021013485
7.20262664165,0.872346384143,0.00414899898798
7.205753596,0.871967827303,0.00410778784111
7.20888055034,0.87158959887,0.00406657669425
7.21200750469,0.87121169842,0.00382800656067
7.21513445904,0.870834125525,0.00358849860164
7.21826141338,0.870456879759,0.00334899064261
7.22138836773,0.870079960698,0.00310948268358
7.22451532208,0.869703367917,0.00286997472455
7.22764227642,0.869327100993,0.00263046676552
7.23076923077,0.868951159504,0.00239095880649
7.23389618512,0.868575543026,0.00215145084746
7.23702313946,0.868200251139,0.00191194288843
7.24015009381,0.867825283422,0.0016724349294
7.24327704816,0.867450639456,0.00143292697037
7.2464040025,0.867076318821,0.00119341901133
7.24953095685,0.866702321099,0.000953911052303
7.25265791119,0.866328645872,0.000714403093272
7.25578486554,0.865955292724,0.000474895134241
7.25891181989,0.865582261237,0.00023538717521
7.26203877423,0.865209550997,-4.12078382049e-06
7.26516572858,0.864837161589,-0.000243628742851
7.26829268293,0.864465092599,-0.000483136701882
7.27141963727,0.864093343612,-0.000722644660913
7.27454659162,0.863721914218,-0.000962152619944
7.27767354597,0.863350804003,-0.00107162852643
7.28080050031,0.862980012556,-0.00113405091339
7.28392745466,0.862609539468,-0.00119647330035
7.28705440901,0.862239384327,-0.0012588956873
7.29018136335,0.861869546726,-0.00132131807426
7.2933083177,0.861500026255,-0.00138374046121
7.29643527205,0.861130822506,-0.00144616284817
7.29956222639,0.860761935074,-0.00150858523513
7.30268918074,0.860393363551,-0.00157100762208
7.30581613508,0.860025107531,-0.00163343000904
7.30894308943,0.859657166611,-0.00169585239599
7.31207004378,0.859289540385,-0.00175827478295
7.31519699812,0.85892222845,-0.00182069716991
7.31832395247,0.858555230403,-0.00188311955686
7.32145090682,0.858188545843,-0.00194554194382
7.32457786116,0.857822174366,-0.00200796433077
7.32770481551,0.857456115574,-0.00207038671773
7.33083176986,0.857090369065,-0.00213280910468
7.3339587242,0.85672493444,-0.00219523149164
7.33708567855,0.856359811301,-0.0022576538786
7.3402126329,0.855994999249,-0.00232007626555
7.34333958724,0.855630497886,-0.0023531115061
7.34646654159,0.855266306817,-0.00200927609278
7.34959349593,0.854902425645,-0.00166544067946
7.35272045028,0.854538853975,-0.00132160526613
7.35584740463,0.854175591411,-0.00097776985281
7.35897435897,0.853812637561,-0.000633934439487
7.36210131332,0.85344999203,-0.000290099026164
7.36522826767,0.853087654426,5.3736387159e-05
7.36835522201,0.852725624358,0.000397571800482
7.37148217636,0.852363901432,0.000741407213805
7.37460913071,0.85200248526,0.00108524262713
7.37773608505,0.85164137545,0.00142907804045
7.3808630394,0.851280571613,0.00177291345377
7.38398999375,0.850920073362,0.0021167488671
7.38711694809,0.850559880306,0.00246058428042
7.39024390244,0.850199992061,0.00280441969374
7.39337085679,0.849840408237,0.00314825510707
7.39649781113,0.84948112845,0.00349209052039
7.39962476548,0.849122152314,0.00383592593371
7.40275171982,0.848763479444,0.00417976134703
7.40587867417,0.848405109456,0.00452359676036
7.40900562852,0.848047041967,0.00486743217368
7.41213258286,0.847689276593,0.005211267587
7.41525953721,0.847331812953,0.00532471734487
7.41838649156,0.846974650664,0.00543770736778
7.4215134459,0.846617789347,0.00555069739069
7.42464040025,0.84626122862,0.0056636874136
7.4277673546,0.845904968105,0.00577667743651
7.43089430894,0.845549007421,0.00588966745942
7.43402126329,0.845193346192,0.00600265748233
7.43714821764,0.844837984038,0.00611564750524
7.44027517198,0.844482920583,0.00622863752815
7.44340212633,0.844128155451,0.00634162755106
7.44652908068,0.843773688266,0.00645461757397
7.44965603502,0.843419518652,0.00656760759689
7.45278298937,0.843065646235,0.0066805976198
7.45590994371,0.842712070641,0.00679358764271
7.45903689806,0.842358791497,0.00690657766562
7.46216385241,0.842005808429,0.00701956768853
7.46529080675,0.841653121067,0.00713255771144
7.4684177611,0.841300729039,0.00724554773435
7.47154471545,0.840948631973,0.00735853775726
7.47467166979,0.8405968295,0.00747152778017
7.47779862414,0.840245321249,0.00758451780308
7.48092557849,0.839894106853,0.00769750782599
7.48405253283,0.839543185943,0.00771021879362
7.48717948718,0.839192558151,0.00762243671841
7.49030644153,0.838842223109,0.00753465464319
7.49343339587,0.838492180452,0.00744687256798
7.49656035022,0.838142429814,0.00735909049277
7.49968730457,0.837792970829,0.00727130841755
7.50281425891,0.837443803132,0.00718352634234
7.50594121326,0.837094926361,0.00709574426713
7.5090681676,0.83674634015,0.00700796219192
7.51219512195,0.836398044138,0.0069201801167
7.5153220763,0.836050037961,0.00683239804149
7.51844903064,0.835702321259,0.00674461596628
7.52157598499,0.835354893671,0.00665683389107
7.52470293934,0.835007754835,0.00656905181585
7.52782989368,0.834660904393,0.00648126974064
7.53095684803,0.834314341985,0.00639348766543
7.53408380238,0.833968067252,0.00630570559021
7.53721075672,0.833622079836,0.006217923515
7.54033771107,0.83327637938,0.00613014143979
7.54346466542,0.832930965526,0.00604235936458
7.54659161976,0.83258583792,0.00595457728936
7.54971857411,0.832240996204,0.00586679521415
7.55284552846,0.831896440025,0.00577901313894
7.5559724828,0.831552169027,0.00542538197222
7.55909943715,0.831208182856,0.0048665831867
7.56222639149,0.830864481159,0.00430778440118
7.56535334584,0.830521063584,0.00374898561567
7.56848030019,0.830177929779,0.00319018683015
7.57160725453,0.82983507939,0.00263138804463
7.57473420888,0.829492512069,0.00207258925912
7.57786116323,0.829150227464,0.0015137904736
7.58098811757,0.828808225225,0.000954991688085
7.58411507192,0.828466505004,0.000396192902568
7.58724202627,0.828125066451,-0.000162605882948
7.59036898061,0.827783909218,-0.000721404668465
7.59349593496,0.827443032958,-0.00128020345398
7.59662288931,0.827102437324,-0.0018390022395
7.59974984365,0.82676212197,-0.00239780102501
7.602876798,0.826422086549,-0.00295659981053
7.60600375235,0.826082330717,-0.00351539859605
7.60913070669,0.825742854128,-0.00407419738156
7.61225766104,0.825403656439,-0.00463299616708
7.61538461538,0.825064737306,-0.0051917949526
7.61851156973,0.824726096386,-0.00575059373811
7.62163852408,0.824387733337,-0.00630939252363
7.62476547842,0.824049647817,-0.00686819130915
7.62789243277,0.823711839483,-0.00724169836732
7.63101938712,0.823374307997,-0.00677153856382
7.63414634146,0.823037053017,-0.00630137876032
7.63727329581,0.822700074204,-0.00583121895683
7.64040025016,0.822363371219,-0.00536105915333
7.6435272045,0.822026943723,-0.00489089934983
7.64665415885,0.821690791378,-0.00442073954633
7.6497811132,0.821354913847,-0.00395057974283
7.65290806754,0.821019310794,-0.00348041993933
7.65603502189,0.82068398188,-0.00301026013583
7.65916197624,0.820348926772,-0.00254010033233
7.66228893058,0.820014145134,-0.00206994052883
7.66541588493,0.819679636631,-0.00159978072533
7.66854283927,0.819345400928,-0.00112962092183
7.67166979362,0.819011437693,-0.000659461118333
7.67479674797,0.818677746592,-0.000189301314833
7.67792370231,0.818344327293,0.000280858488666
7.68105065666,0.818011179464,0.000751018292165
7.68417761101,0.817678302774,0.00122117809566
7.68730456535,0.817345696891,0.00169133789916
7.6904315197,0.817013361485,0.00216149770266
7.69355847405,0.816681296227,0.00263165750616
7.69668542839,0.816349500787,0.00310181730966
7.69981238274,0.816017974836,0.00357197711316
7.70293933709,0.815686718047,0.00399546275263
7.70606629143,0.815355730091,0.00432553213424
7.70919324578,0.815025010642,0.00465560151585
7.71232020013,0.814694559372,0.00498567089746
7.71544715447,0.814364375957,0.00531574027907
7.71857410882,0.81403446007,0.00564580966068
7.72170106316,0.813704811386,0.00597587904229
7.72482801751,0.813375429581,0.0063059484239
7.72795497186,0.81304631433,0.00663601780551
7.7310819262,0.812717465311,0.00696608718712
7.73420888055,0.812388882201,0.00729615656873
7.7373358349,0.812060564677,0.00762622595034
7.74046278924,0.811732512417,0.00795629533195
7.74358974359,0.811404725099,0.00828636471355
7.74671669794,0.811077202404,0.00861643409516
7.74984365228,0.810749944011,0.00894650347677
7.75297060663,0.810422949599,0.00927657285838
7.75609756098,0.81009621885,0.00960664223999
7.75922451532,0.809769751445,0.0099367116216
7.76235146967,0.809443547066,0.0102667810032
7.76547842402,0.809117605394,0.0105968503848
7.76860537836,0.808791926113,0.0109269197664
7.77173233271,0.808466508906,0.011256989148
7.77485928705,0.808141353457,0.0115870585296
7.7779862414,0.80781645945,0.0119114731673
7.78111319575,0.80749182657,0.011669842939
7.78424015009,0.807167454501,0.0114282127107
7.78736710444,0.806843342931,0.0111865824824
7.79049405879,0.806519491545,0.0109449522541
7.79362101313,0.806195900031,0.0107033220259
7.79674796748,0.805872568074,0.0104616917976
7.79987492183,0.805549495364,0.0102200615693
7.80300187617,0.805226681589,0.00997843134101
7.80612883052,0.804904126436,0.00973680111273
7.80925578487,0.804581829597,0.00949517088445
7.81238273921,0.80425979076,0.00925354065617
7.81550969356,0.803938009617,0.00901191042789
7.8186366479,0.803616485857,0.0087702801996
7.82176360225,0.803295219172,0.00852864997132
7.8248905566,0.802974209254,0.00828701974304
7.82801751094,0.802653455795,0.00804538951476
7.83114446529,0.802332958487,0.00780375928648
7.83427141964,0.802012717026,0.0075621290582
7.83739837398,0.801692731103,0.00732049882992
7.84052532833,0.801373000413,0.00707886860164
7.84365228268,0.801053524652,0.00683723837336
7.84677923702,0.800734303513,0.00659560814507
7.84990619137,0.800415336694,0.00635397791679
7.85303314572,0.800096623889,0.00611234768851
7.85616010006,0.799778164797,0.00588982148981
7.85928705441,0.799459959114,0.00574572473732
7.86241400876,0.799142006537,0.00560162798482
7.8655409631,0.798824306765,0.00545753123232
7.86866791745,0.798506859496,0.00531343447983
7.87179487179,0.79818966443,0.00516933772733
7.87492182614,0.797872721266,0.00502524097483
7.87804878049,0.797556029704,0.00488114422233
7.88117573483,0.797239589445,0.00473704746984
7.88430268918,0.796923400189,0.00459295071734
7.88742964353,0.796607461638,0.00444885396484
7.89055659787,0.796291773495,0.00430475721235
7.89368355222,0.79597633546,0.00416066045985
7.89681050657,0.795661147238,0.00401656370735
7.89993746091,0.795346208532,0.00387246695485
7.90306441526,0.795031519046,0.00372837020236
7.90619136961,0.794717078483,0.00358427344986
7.90931832395,0.794402886549,0.00344017669736
7.9124452783,0.794088942948,0.00329607994487
7.91557223265,0.793775247387,0.00315198319237
7.91869918699,0.793461799572,0.00300788643987
7.92182614134,0.793148599209,0.00286378968737
7.92495309568,0.792835646005,0.00271969293488
7.92808005003,0.792522939669,0.00257559618238
7.93120700438,0.792210479907,0.00243149942988
7.93433395872,0.791898266429,0.00228740267739
7.93746091307,0.791586298943,0.00205845415606
7.94058786742,0.791274577158,0.00181751300126
7.94371482176,0.790963100786,0.00157657184647
7.94684177611,0.790651869535,0.00133563069167
7.94996873046,0.790340883117,0.00109468953687
7.9530956848,0.790030141242,0.000853748382074
7.95622263915,0.789719643624,0.000612807227277
7.9593495935,0.789409389973,0.00037186607248
7.96247654784,0.789099380002,0.000130924917683
7.96560350219,0.788789613424,-0.000110016237114
7.96873045654,0.788480089953,-0.000350957391911
7.97185741088,0.788170809303,-0.000591898546708
7.97498436523,0.787861771187,-0.000832839701505
7.97811131957,0.787552975322,-0.0010737808563
7.98123827392,0.787244421421,-0.0013147220111
7.98436522827,0.786936109202,-0.0015556631659
7.98749218261,0.786628038379,-0.00179660432069
7.99061913696,0.78632020867,-0.00203754547549
7.99374609131,0.786012619792,-0.00227848663029
7.99687304565,0.785705271462,-0.00251942778508
8,0.785398163397,-0.00276036893988
