structure_id,source_pdb,unit_index,chain_count,axial_position_A,layer_centroid_x,layer_centroid_y,layer_centroid_z,base_mean_radius_A,base_radial_spread_A,aleph_phase_raw_deg,aleph_phase_deg,local_twist_deg,local_abs_twist_deg,local_rise_A,base_plane_normal_x,base_plane_normal_y,base_plane_normal_z,aleph_base_plane_bend_deg,scaffold_plane_normal_x,scaffold_plane_normal_y,scaffold_plane_normal_z,aleph_scaffold_plane_bend_deg,chain_angular_dispersion_deg,chain_mean_resultant_length,axis_flipped,phase_unwrap_ok,missing_chain_count,local_twist_warning,local_rise_warning,plane_fit_warning,warnings
full,outputs\intermediates\ai_candidate_inputs\full_hexaplex_anti_parallel_30deg_ideal_deduped_6chain.pdb,1,6,-0.778624,0.000015,-0.000015,23.800091,23.829335,0.893461,101.798955,101.798955,4.973666,4.973666,-2.353950,0.492113,0.870469,-0.010445,60.303546,0.962588,-0.009349,0.270808,63.297982,180.000000,0.001079,true,true,0,,unit 1 to 2 has negative rise -2.35 A,,
full,outputs\intermediates\ai_candidate_inputs\full_hexaplex_anti_parallel_30deg_ideal_deduped_6chain.pdb,2,6,-3.132574,0.000152,-0.000182,23.800030,20.543250,1.001215,106.772621,106.772621,1.890827,1.890827,-2.475575,0.501014,-0.854048,-0.139956,60.328493,0.505714,0.855823,-0.108720,60.000003,180.000000,0.000082,true,true,0,,unit 2 to 3 has negative rise -2.48 A,,
full,outputs\intermediates\ai_candidate_inputs\full_hexaplex_anti_parallel_30deg_ideal_deduped_6chain.pdb,3,6,-5.608149,-0.000000,-0.000136,23.799985,17.289276,0.920876,108.663449,108.663449,-3.308073,3.308073,-1.773348,-0.999874,-0.009071,0.013027,60.997053,-0.922789,0.009983,0.385176,82.711836,180.000000,0.002450,true,true,0,,unit 3 to 4 has negative rise -1.77 A,,
full,outputs\intermediates\ai_candidate_inputs\full_hexaplex_anti_parallel_30deg_ideal_deduped_6chain.pdb,4,6,-7.381497,-0.000045,-0.000045,23.800061,14.080156,0.811964,105.355376,105.355376,-12.532873,12.532873,-0.435816,-0.495293,0.843099,-0.209448,60.562146,-0.093944,0.812405,-0.575476,88.215689,180.000000,0.000659,true,true,0,,unit 4 to 5 has negative rise -0.44 A,,
full,outputs\intermediates\ai_candidate_inputs\full_hexaplex_anti_parallel_30deg_ideal_deduped_6chain.pdb,5,6,-7.817312,-0.000045,0.000045,23.800106,10.928034,1.069384,92.822503,92.822503,-27.883961,27.883961,1.178263,-0.999781,-0.009083,-0.018872,21.960743,-0.309400,0.551366,0.774769,50.751935,173.816785,0.010036,true,true,0,,,,
full,outputs\intermediates\ai_candidate_inputs\full_hexaplex_anti_parallel_30deg_ideal_deduped_6chain.pdb,6,6,-6.639049,0.000015,-0.000000,23.799970,7.925440,1.362550,64.938542,64.938542,-36.667335,36.667335,2.637017,-0.920190,-0.007226,-0.391405,73.290608,-0.322405,0.001751,-0.946600,16.879458,180.000000,0.001490,true,true,0,,,,
full,outputs\intermediates\ai_candidate_inputs\full_hexaplex_anti_parallel_30deg_ideal_deduped_6chain.pdb,7,6,-4.002032,-0.000167,0.000076,23.800121,5.339266,1.640081,28.271208,28.271208,-29.137090,29.137090,3.549654,-0.031751,0.738447,-0.673563,47.748361,-0.042720,-0.072088,-0.996483,10.587377,131.540361,0.071692,true,true,0,,,,
full,outputs\intermediates\ai_candidate_inputs\full_hexaplex_anti_parallel_30deg_ideal_deduped_6chain.pdb,8,6,-0.452378,-0.000121,0.000015,23.800015,4.177606,1.584179,-0.865882,-0.865882,-26.746728,26.746728,3.670870,0.000944,0.001631,0.999998,47.745443,0.211265,-0.000558,0.977429,28.729456,168.917192,0.012961,true,true,0,,,,
full,outputs\intermediates\ai_candidate_inputs\full_hexaplex_anti_parallel_30deg_ideal_deduped_6chain.pdb,9,6,3.218492,-0.000000,-0.000000,23.799970,5.338741,1.640239,-27.612610,-27.612610,-31.708274,31.708274,2.967612,-0.625556,-0.397727,-0.671188,71.732527,-0.268670,0.473518,-0.838807,23.226429,131.532894,0.071713,true,true,0,,,,
full,outputs\intermediates\ai_candidate_inputs\full_hexaplex_anti_parallel_30deg_ideal_deduped_6chain.pdb,10,6,6.186103,-0.000076,0.000045,23.799955,7.974441,0.954126,-59.320884,-59.320884,-27.857233,27.857233,1.631034,-0.919355,-0.005983,0.393384,24.246012,-0.089039,0.769153,-0.632832,34.212385,180.000000,0.002617,true,true,0,,,,
full,outputs\intermediates\ai_candidate_inputs\full_hexaplex_anti_parallel_30deg_ideal_deduped_6chain.pdb,11,6,7.817138,-0.000076,-0.000030,23.799985,10.927524,1.069334,-87.178117,-87.178117,-15.034763,15.034763,0.016755,-0.999781,-0.009078,-0.018855,61.107024,-0.460789,-0.779741,0.423884,18.266669,173.821565,0.010033,true,true,0,,,,
full,outputs\intermediates\ai_candidate_inputs\full_hexaplex_anti_parallel_30deg_ideal_deduped_6chain.pdb,12,6,7.833893,0.000152,-0.000061,23.800076,14.063174,1.099514,-102.212881,-102.212881,-5.351470,5.351470,-1.441838,-0.494861,0.843764,0.207785,60.460354,-0.505146,-0.854841,0.118636,59.401144,180.000000,0.000242,true,true,0,,unit 12 to 13 has negative rise -1.44 A,,
full,outputs\intermediates\ai_candidate_inputs\full_hexaplex_anti_parallel_30deg_ideal_deduped_6chain.pdb,13,6,6.392055,-0.000106,0.000015,23.800136,17.288685,0.920943,-107.564351,-107.564351,0.439659,0.439659,-2.354558,-0.492120,-0.870470,-0.010036,60.336837,-0.956308,0.010194,0.292185,63.085887,180.000000,0.002455,true,true,0,,unit 13 to 14 has negative rise -2.35 A,,
full,outputs\intermediates\ai_candidate_inputs\full_hexaplex_anti_parallel_30deg_ideal_deduped_6chain.pdb,14,6,4.037497,0.000045,-0.000000,23.800106,20.550406,0.789829,-107.124692,-107.124692,3.984124,3.984124,-2.475316,-0.501316,0.853595,-0.141625,60.145240,-0.489577,0.867959,-0.083439,59.720872,180.000000,0.000264,true,true,0,,unit 14 to 15 has negative rise -2.48 A,,
full,outputs\intermediates\ai_candidate_inputs\full_hexaplex_anti_parallel_30deg_ideal_deduped_6chain.pdb,15,6,1.562181,-0.000015,-0.000091,23.799955,23.828668,0.893566,-103.140567,-103.140567,,,,-0.492114,-0.870468,0.010450,,0.975564,-0.009544,0.219506,,180.000000,0.001078,true,true,0,,,,
central6,outputs\mini_hexaplex\structures\mini_hexaplex_central6_units.pdb,1,6,-11.485367,-0.000045,0.000045,23.800106,8.505588,3.219213,72.805278,72.805278,-51.991137,51.991137,3.294062,-0.999781,-0.009083,-0.018872,21.960743,-0.309400,0.551366,0.774769,50.751935,133.591329,0.065993,true,true,0,,,,
central6,outputs\mini_hexaplex\structures\mini_hexaplex_central6_units.pdb,2,6,-8.191304,0.000015,-0.000000,23.799970,6.853574,2.388998,20.814141,20.814141,-12.552053,12.552053,4.208245,-0.920190,-0.007226,-0.391405,73.290608,-0.322405,0.001751,-0.946600,16.879458,172.829575,0.010573,true,true,0,,,,
central6,outputs\mini_hexaplex\structures\mini_hexaplex_central6_units.pdb,3,6,-3.983059,-0.000167,0.000076,23.800121,5.564549,1.962656,8.262088,8.262088,-2.347160,2.347160,4.635702,-0.031751,0.738447,-0.673563,47.748361,-0.042720,-0.072088,-0.996483,10.587377,114.492438,0.135804,true,true,0,,,,
central6,outputs\mini_hexaplex\structures\mini_hexaplex_central6_units.pdb,4,6,0.652642,-0.000121,0.000015,23.800015,5.284978,0.683562,5.914928,5.914928,-2.817622,2.817622,4.460662,0.000944,0.001631,0.999998,47.745443,0.211265,-0.000558,0.977429,28.729456,177.630003,0.008183,true,true,0,,,,
central6,outputs\mini_hexaplex\structures\mini_hexaplex_central6_units.pdb,5,6,5.113305,-0.000000,-0.000000,23.799970,5.564371,1.962294,3.097306,3.097306,-23.408366,23.408366,3.730022,-0.625556,-0.397727,-0.671188,71.732527,-0.268670,0.473518,-0.838807,23.226429,114.497289,0.135781,true,true,0,,,,
central6,outputs\mini_hexaplex\structures\mini_hexaplex_central6_units.pdb,6,6,8.843326,-0.000076,0.000045,23.799955,6.595775,3.140434,-20.311060,-20.311060,,,,-0.919355,-0.005983,0.393384,,-0.089039,0.769153,-0.632832,,174.579520,0.009638,true,true,0,,,,
central7,outputs\mini_hexaplex\structures\mini_hexaplex_central7_units.pdb,1,6,-11.573049,-0.000045,0.000045,23.800106,8.382754,3.309835,79.564077,79.564077,-61.715873,61.715873,3.179824,-0.999781,-0.009083,-0.018872,21.960743,-0.309400,0.551366,0.774769,50.751935,133.950588,0.065034,true,true,0,,,,
central7,outputs\mini_hexaplex\structures\mini_hexaplex_central7_units.pdb,2,6,-8.393225,0.000015,-0.000000,23.799970,6.747962,2.611991,17.848205,17.848205,-12.921700,12.921700,4.124246,-0.920190,-0.007226,-0.391405,73.290608,-0.322405,0.001751,-0.946600,16.879458,172.440008,0.010792,true,true,0,,,,
central7,outputs\mini_hexaplex\structures\mini_hexaplex_central7_units.pdb,3,6,-4.268979,-0.000167,0.000076,23.800121,5.588795,1.921565,4.926504,4.926504,-1.747781,1.747781,4.616395,-0.031751,0.738447,-0.673563,47.748361,-0.042720,-0.072088,-0.996483,10.587377,116.227230,0.127773,true,true,0,,,,
central7,outputs\mini_hexaplex\structures\mini_hexaplex_central7_units.pdb,4,6,0.347416,-0.000121,0.000015,23.800015,5.321793,0.649286,3.178724,3.178724,-1.922595,1.922595,4.523107,0.000944,0.001631,0.999998,47.745443,0.211265,-0.000558,0.977429,28.729456,178.712682,0.007716,true,true,0,,,,
central7,outputs\mini_hexaplex\structures\mini_hexaplex_central7_units.pdb,5,6,4.870523,-0.000000,-0.000000,23.799970,5.588626,1.921213,1.256128,1.256128,-17.900507,17.900507,3.869475,-0.625556,-0.397727,-0.671188,71.732527,-0.268670,0.473518,-0.838807,23.226429,116.231822,0.127752,true,true,0,,,,
central7,outputs\mini_hexaplex\structures\mini_hexaplex_central7_units.pdb,6,6,8.739998,-0.000076,0.000045,23.799955,6.641318,2.920698,-16.644379,-16.644379,-83.795774,83.795774,2.832697,-0.919355,-0.005983,0.393384,24.246012,-0.089039,0.769153,-0.632832,34.212385,174.146353,0.009862,true,true,0,,,,
central7,outputs\mini_hexaplex\structures\mini_hexaplex_central7_units.pdb,7,6,11.572696,-0.000076,-0.000030,23.799985,8.382474,3.309839,-100.440153,-100.440153,,,,-0.999781,-0.009078,-0.018855,,-0.460789,-0.779741,0.423884,,133.947036,0.065044,true,true,0,,,,
